City_ID,Action_Name,Action_ID,Start Date (Date),End Date (Date),Costs (Number),Scope (String),Measure (Label),Short Description (Text)

I'll search for information about Shanghai's urban climate protection measures in transport, buildings, and green infrastructure implemented before 2024.Based on my research, I need to inform you that while I found information about various urban climate protection measures in Shanghai, the available sources do not provide the detailed, specific implementation dates, completion dates, costs, and comprehensive scope information required to create an accurate CSV file with all the requested columns and specifications.

The search results show that Shanghai has implemented various measures across the categories you mentioned:

**Transport measures identified:**
- Metro system expansion (began 1993, continuous expansion)
- Bike-sharing programs
- Bus system electrification
- NEV (New Energy Vehicle) policies with free license plates for BEVs
- Pedestrian warning systems and intelligent traffic signals
- Huangpu Riverside bike/pedestrian paths

**Building measures identified:**
- Building energy efficiency retrofits in Changning District (2013-2018)
- Green building certification programs
- Energy monitoring platforms for public buildings

**However, the sources lack:**
- Specific start and end dates for most measures
- Detailed scope classifications
- Individual action identifiers
- Comprehensive information on all nine specified measures

To create an accurate CSV file as requested, I would need access to:
1. Shanghai's official climate action plans and implementation reports
2. Government transportation and urban planning documents with specific project timelines
3. Detailed policy implementation records with dates and geographic scope

Without this specific data, I cannot produce a CSV file that meets your requirements for accuracy and completeness. I recommend:
1. Contacting Shanghai Municipal Government's Environmental Protection Bureau
2. Reviewing Shanghai's Climate Action Plans and Transportation Development White Papers
3. Accessing the Shanghai Urban Planning and Land Resources Administration Bureau's records

Would you like me to provide a general summary of the measures I found instead, or would you prefer to obtain the official documentation first?
Karachi,Green Line BRT,A01,2016/02,2021/12,N/A,City-wide,Expansion of Public Local Transport,A bus rapid transit system spanning approximately 22 kilometers with dedicated segregated lanes operating with hybrid biomethane buses. The system was announced in 2014 and construction began in February 2016 and became operational in December 2021. It features 22 stations and serves over 55000 passengers daily with dedicated family and women compartments.
Karachi,Orange Line BRT,A02,2016/01,2022/09,N/A,Medium (District/Corridor),Expansion of Public Local Transport,A short BRT line spanning 3.9 kilometers with four stations within Orangi district. The project was started in 2016 and completed in September 2022. It is entirely funded and built by the Sindh government and transports around 3000 passengers daily.
Karachi,Clifton Urban Forest,A03,2015/12,Ongoing,N/A,Pilot,Green Infrastructure (Carbon Sinks),An urban forest project initiated in December 2015 following the 2015 heatwave using the Miyawaki method on approximately 12000 square meters of former dumping site. The forest features over 50 native species with nature walkways vegetable gardening and composting facilities creating a self-sustaining ecosystem.
Karachi,KMC Miyawaki Forest Initiative,A04,2018/01,Ongoing,N/A,City-wide,Green Infrastructure (Carbon Sinks),The Karachi Metropolitan Corporation announced plans to plant 300 small Miyawaki-style urban forests across different parts of the city to increase green cover and address urban heat island effects and climate change impacts.
```

**Important Notes:**

1. **Limited Documentation**: The search results revealed that Karachi has very limited documented and systematically implemented urban climate protection measures before 2024 for most of the nine categories you specified.

2. **Missing Categories**: I found no concrete evidence of implemented programs for:
   - Expansion of Pedestrian Paths (formal programs)
   - Expansion of Bicycle Paths (formal programs)
   - Expansion of Public Long-Distance Transport (before 2024)
   - Alternative Drive Systems and Sharing Offers
   - Intelligent Traffic Control
   - Energy-efficient Building Refurbishment (systematic programs)
   - Sustainable Land Management to avoid urban sprawl (formal programs)

3. **Urban Sprawl**: While urban sprawl is extensively documented as a major problem in Karachi, there is no evidence of successful implemented measures to avoid it before 2024. The city has experienced continuous unplanned expansion.

4. **Building Codes**: The Energy Conservation Building Code (ECBC 2023) was developed but only officially notified in 2023-2024, so no systematic building refurbishment programs were documented before 2024.

5. **Green Infrastructure**: The urban forest initiatives represent the main climate action documented, though these are relatively small-scale compared to the city's size.