date,tavg,tmin,tmax,prcp,snow,wdir,wspd,wpgt,pres,tsun
2015-01-01 00:00:00,,,,,,,,,,
2015-01-02 00:00:00,14.7,10.2,21.6,5.1,,,,,,
2015-01-03 00:00:00,15,,16.8,7.1,,,,,,
2015-01-04 00:00:00,14.2,,19,0,,,,,,
2015-01-05 00:00:00,,,,,,,,,,
2015-01-06 00:00:00,,,,,,,,,,
2015-01-07 00:00:00,,,,,,,,,,
2015-01-08 00:00:00,,,,,,,,,,
2015-01-09 00:00:00,,,,,,,,,,
2015-01-10 00:00:00,,,,,,,,,,
2015-01-11 00:00:00,,,,,,,,,,
2015-01-12 00:00:00,,,,,,,,,,
2015-01-13 00:00:00,,,,,,,,,,
2015-01-14 00:00:00,12.1,,18.3,0.5,,,,,,
2015-01-15 00:00:00,12.3,5.8,19,0,,,,,,
2015-01-16 00:00:00,,,,,,,,,,
2015-01-17 00:00:00,,,,,,,,,,
2015-01-18 00:00:00,,,,,,,,,,
2015-01-19 00:00:00,,,,,,,,,,
2015-01-20 00:00:00,,,,,,,,,,
2015-01-21 00:00:00,,,,,,,,,,
2015-01-22 00:00:00,12.6,,13.2,3,,,,,,
2015-01-23 00:00:00,14.7,11.4,19.8,7.1,,,,,,
2015-01-24 00:00:00,12.5,10.3,19.8,0,,,,,,
2015-01-25 00:00:00,,,,,,,,,,
2015-01-26 00:00:00,13.7,11.6,18.3,1,,,,,,
2015-01-27 00:00:00,13.3,,18.4,0.8,,,,,,
2015-01-28 00:00:00,12.6,7.9,18.4,0,,,,,,
2015-01-29 00:00:00,,,,,,,,,,
2015-01-30 00:00:00,,,,,,,,,,
2015-01-31 00:00:00,,,,,,,,,,
2015-02-01 00:00:00,,,,,,,,,,
2015-02-02 00:00:00,,,,,,,,,,
2015-02-03 00:00:00,,,,,,,,,,
2015-02-04 00:00:00,,,,,,,,,,
2015-02-05 00:00:00,,,,,,,,,,
2015-02-06 00:00:00,,,,,,,,,,
2015-02-07 00:00:00,,,,,,,,,,
2015-02-08 00:00:00,,,,,,,,,,
2015-02-09 00:00:00,,,,,,,,,,
2015-02-10 00:00:00,,,,,,,,,,
2015-02-11 00:00:00,,,,,,,,,,
2015-02-12 00:00:00,,,,,,,,,,
2015-02-13 00:00:00,,,,,,,,,,
2015-02-14 00:00:00,,,,,,,,,,
2015-02-15 00:00:00,,,,,,,,,,
2015-02-16 00:00:00,,,,,,,,,,
2015-02-17 00:00:00,,,,,,,,,,
2015-02-18 00:00:00,,,,,,,,,,
2015-02-19 00:00:00,,,,,,,,,,
2015-02-20 00:00:00,22.8,,29.3,2,,,,,,
2015-02-21 00:00:00,21.9,15.2,29.1,0,,,,,,
2015-02-22 00:00:00,,,,,,,,,,
2015-02-23 00:00:00,,,,,,,,,,
2015-02-24 00:00:00,,,,,,,,,,
2015-02-25 00:00:00,23.2,,28.6,0,,,,,,
2015-02-26 00:00:00,20,14.5,27.6,0,,,,,,
2015-02-27 00:00:00,,,,,,,,,,
2015-02-28 00:00:00,,,,,,,,,,
2015-03-01 00:00:00,17.3,15.2,19,7.9,,,,,,
2015-03-02 00:00:00,17.4,,22.1,56.9,,,,,,
2015-03-03 00:00:00,16.1,12.8,22.1,7.1,,,,,,
2015-03-04 00:00:00,16.8,10.7,23.4,0,,,,,,
2015-03-05 00:00:00,,,,,,,,,,
2015-03-06 00:00:00,,,,,,,,,,
2015-03-07 00:00:00,,,,,,,,,,
2015-03-08 00:00:00,,,,,,,,,,
2015-03-09 00:00:00,,,,,,,,,,
2015-03-10 00:00:00,,,,,,,,,,
2015-03-11 00:00:00,,,,,,,,,,
2015-03-12 00:00:00,,,,,,,,,,
2015-03-13 00:00:00,,,,,,,,,,
2015-03-14 00:00:00,,,,,,,,,,
2015-03-15 00:00:00,,,,,,,,,,
2015-03-16 00:00:00,,,,,,,,,,
2015-03-17 00:00:00,,,,,,,,,,
2015-03-18 00:00:00,,,,,,,,,,
2015-03-19 00:00:00,,,,,,,,,,
2015-03-20 00:00:00,,,,,,,,,,
2015-03-21 00:00:00,,,,,,,,,,
2015-03-22 00:00:00,,,,,,,,,,
2015-03-23 00:00:00,,,,,,,,,,
2015-03-24 00:00:00,,,,,,,,,,
2015-03-25 00:00:00,,,,,,,,,,
2015-03-26 00:00:00,,,,,,,,,,
2015-03-27 00:00:00,,,,,,,,,,
2015-03-28 00:00:00,,,,,,,,,,
2015-03-29 00:00:00,,,,,,,,,,
2015-03-30 00:00:00,23.4,18.9,30.1,10.9,,,,,,
2015-03-31 00:00:00,25.1,19,30.8,0,,,,,,
2015-04-01 00:00:00,,,,,,,,,,
2015-04-02 00:00:00,,,,,,,,,,
2015-04-03 00:00:00,24.4,19,34.7,6.1,,,,,,
2015-04-04 00:00:00,21,17,30.4,15,,,,,,
2015-04-05 00:00:00,23.4,,30.3,2,,,,,,
2015-04-06 00:00:00,25.1,17.4,31.4,0,,,,,,
2015-04-07 00:00:00,23.9,19.2,31.4,0,,,,,,
2015-04-08 00:00:00,25.2,18.2,32.2,0,,,,,,
2015-04-09 00:00:00,25.8,18.6,32.5,0,,,,,,
2015-04-10 00:00:00,,,,,,,,,,
2015-04-11 00:00:00,,,,,,,,,,
2015-04-12 00:00:00,24.3,20.2,36.2,2,,,,,,
2015-04-13 00:00:00,24.9,19,32.2,0,,,,,,
2015-04-14 00:00:00,26.4,20,32.5,2,,,,,,
2015-04-15 00:00:00,27.6,20.8,34.3,0,,,,,,
2015-04-16 00:00:00,,,,,,,,,,
2015-04-17 00:00:00,,,,,,,,,,
2015-04-18 00:00:00,,,,,,,,,,
2015-04-19 00:00:00,,,,,,,,,,
2015-04-20 00:00:00,,,,,,,,,,
2015-04-21 00:00:00,,,,,,,,,,
2015-04-22 00:00:00,,,,,,,,,,
2015-04-23 00:00:00,,,,,,,,,,
2015-04-24 00:00:00,,,,,,,,,,
2015-04-25 00:00:00,,,,,,,,,,
2015-04-26 00:00:00,,,,,,,,,,
2015-04-27 00:00:00,,,,,,,,,,
2015-04-28 00:00:00,31.1,24,37.1,0,,,,,,
2015-04-29 00:00:00,,,,,,,,,,
2015-04-30 00:00:00,,,,,,,,,,
2015-05-01 00:00:00,,,,,,,,,,
2015-05-02 00:00:00,30.2,,37.6,0.3,,,,,,
2015-05-03 00:00:00,30.9,21.7,38.9,0,,,,,,
2015-05-04 00:00:00,,,,,,,,,,
2015-05-05 00:00:00,,,,,,,,,,
2015-05-06 00:00:00,,,,,,,,,,
2015-05-07 00:00:00,,,,,,,,,,
2015-05-08 00:00:00,,,,,,,,,,
2015-05-09 00:00:00,,,,,,,,,,
2015-05-10 00:00:00,,,,,,,,,,
2015-05-11 00:00:00,34.4,28.2,42.3,0,,,,,,
2015-05-12 00:00:00,,,,,,,,,,
2015-05-13 00:00:00,,,,,,,,,,
2015-05-14 00:00:00,,,,,,,,,,
2015-05-15 00:00:00,,,,,,,,,,
2015-05-16 00:00:00,,,,,,,,,,
2015-05-17 00:00:00,,,,,,,,,,
2015-05-18 00:00:00,,,,,,,,,,
2015-05-19 00:00:00,,,,,,,,,,
2015-05-20 00:00:00,,,,,,,,,,
2015-05-21 00:00:00,,,,,,,,,,
2015-05-22 00:00:00,,,,,,,,,,
2015-05-23 00:00:00,,,,,,,,,,
2015-05-24 00:00:00,,,,,,,,,,
2015-05-25 00:00:00,,,,,,,,,,
2015-05-26 00:00:00,,,,,,,,,,
2015-05-27 00:00:00,,,,,,,,,,
2015-05-28 00:00:00,,,,,,,,,,
2015-05-29 00:00:00,,,,,,,,,,
2015-05-30 00:00:00,,,,,,,,,,
2015-05-31 00:00:00,,,,,,,,,,
2015-06-01 00:00:00,30,,40.6,0,,,,,,
2015-06-02 00:00:00,31.6,22.2,39.9,3,,,,,,
2015-06-03 00:00:00,28.7,23.6,34.1,0.5,,,,,,
2015-06-04 00:00:00,31.8,23.7,38.6,0,,,,,,
2015-06-05 00:00:00,,,,,,,,,,
2015-06-06 00:00:00,,,,,,,,,,
2015-06-07 00:00:00,,,,,,,,,,
2015-06-08 00:00:00,,,,,,,,,,
2015-06-09 00:00:00,,,,,,,,,,
2015-06-10 00:00:00,,,,,,,,,,
2015-06-11 00:00:00,,,,,,,,,,
2015-06-12 00:00:00,,,,,,,,,,
2015-06-13 00:00:00,31.9,,41.6,0,,,,,,
2015-06-14 00:00:00,27,20.5,39.7,25.9,,,,,,
2015-06-15 00:00:00,30.8,25.5,,1,,,,,,
2015-06-16 00:00:00,32.3,26,,0,,,,,,
2015-06-17 00:00:00,,,,,,,,,,
2015-06-18 00:00:00,,,,,,,,,,
2015-06-19 00:00:00,,,,,,,,,,
2015-06-20 00:00:00,,,,,,,,,,
2015-06-21 00:00:00,,,,,,,,,,
2015-06-22 00:00:00,,,,,,,,,,
2015-06-23 00:00:00,,,,,,,,,,
2015-06-24 00:00:00,,,,,,,,,,
2015-06-25 00:00:00,26.5,22.4,36.8,21.1,,,,,,
2015-06-26 00:00:00,31.5,24,36.8,0.3,,,,,,
2015-06-27 00:00:00,32.7,27,38,0,,,,,,
2015-06-28 00:00:00,,,,,,,,,,
2015-06-29 00:00:00,31.1,26.2,39,0,,,,,,
2015-06-30 00:00:00,31,,36.2,0,,,,,,
2015-07-01 00:00:00,,,,,,,,,,
2015-07-02 00:00:00,,,,,,,,,,
2015-07-03 00:00:00,,,,,,,,,,
2015-07-04 00:00:00,,,,,,,,,,
2015-07-05 00:00:00,,,,,,,,,,
2015-07-06 00:00:00,27.8,,38.4,6.1,,,,,,
2015-07-07 00:00:00,28.3,23.3,,10.9,,,,,,
2015-07-08 00:00:00,31.2,24.8,35.8,26.9,,,,,,
2015-07-09 00:00:00,29.7,25.2,35.8,1,,,,,,
2015-07-10 00:00:00,27,,33.4,1,,,,,,
2015-07-11 00:00:00,25.5,23,27.9,93,,,,,,
2015-07-12 00:00:00,25.5,23,26.6,69.1,,,,,,
2015-07-13 00:00:00,29.9,23.3,33.7,7.1,,,,,,
2015-07-14 00:00:00,31,26.4,35.6,0,,,,,,
2015-07-15 00:00:00,,,,,,,,,,
2015-07-16 00:00:00,,,,,,,,,,
2015-07-17 00:00:00,30.9,27,37.5,0.3,,,,,,
2015-07-18 00:00:00,29.6,,34.8,0,,,,,,
2015-07-19 00:00:00,30.1,26,34.7,2,,,,,,
2015-07-20 00:00:00,29.1,24.4,34.7,3,,,,,,
2015-07-21 00:00:00,31.5,25.7,35.7,4.1,,,,,,
2015-07-22 00:00:00,32.2,27.5,36.7,0,,,,,,
2015-07-23 00:00:00,,,,,,,,,,
2015-07-24 00:00:00,,,,,,,,,,
2015-07-25 00:00:00,,,,,,,,,,
2015-07-26 00:00:00,30,27,36.6,6.1,,,,,,
2015-07-27 00:00:00,29.7,24.6,34.7,4.1,,,,,,
2015-07-28 00:00:00,29.5,24.5,34.7,0.3,,,,,,
2015-07-29 00:00:00,28.6,24.2,34.1,0,,,,,,
2015-07-30 00:00:00,29,25.2,32,0,,,,,,
2015-07-31 00:00:00,28.9,25,31.6,0.5,,,,,,
2015-08-01 00:00:00,28.4,,32.6,2,,,,,,
2015-08-02 00:00:00,29.8,25,33.9,0.3,,,,,,
2015-08-03 00:00:00,31.6,25.4,,0,,,,,,
2015-08-04 00:00:00,,,,,,,,,,
2015-08-05 00:00:00,29.9,26.5,36.8,0.3,,,,,,
2015-08-06 00:00:00,29.8,25.5,35.1,15,,,,,,
2015-08-07 00:00:00,29.4,26.4,34.4,0,,,,,,
2015-08-08 00:00:00,28.8,25.3,34.4,16,,,,,,
2015-08-09 00:00:00,27.5,25,30.8,30,,,,,,
2015-08-10 00:00:00,30.5,25.5,34.6,40.9,,,,,,
2015-08-11 00:00:00,28.4,,34.6,99.3,,,,,,
2015-08-12 00:00:00,30.5,26.5,35.5,6.1,,,,,,
2015-08-13 00:00:00,31.9,28,35.8,0,,,,,,
2015-08-14 00:00:00,,,,,,,,,,
2015-08-15 00:00:00,,,,,,,,,,
2015-08-16 00:00:00,,,,,,,,,,
2015-08-17 00:00:00,30.7,26.5,35.2,6.1,,,,,,
2015-08-18 00:00:00,29.3,,35.2,0,,,,,,
2015-08-19 00:00:00,31.5,25.8,35.6,2,,,,,,
2015-08-20 00:00:00,30.8,27.7,35.5,0,,,,,,
2015-08-21 00:00:00,,,,,,,,,,
2015-08-22 00:00:00,,,,,,,,,,
2015-08-23 00:00:00,,,,,,,,,,
2015-08-24 00:00:00,30.7,23.6,35.2,55.9,,,,,,
2015-08-25 00:00:00,32,27,35.6,0,,,,,,
2015-08-26 00:00:00,,,,,,,,,,
2015-08-27 00:00:00,,,,,,,,,,
2015-08-28 00:00:00,,,,,,,,,,
2015-08-29 00:00:00,,,,,,,,,,
2015-08-30 00:00:00,,,,,,,,,,
2015-08-31 00:00:00,,,,,,,,,,
2015-09-01 00:00:00,,,,,,,,,,
2015-09-02 00:00:00,,,,,,,,,,
2015-09-03 00:00:00,,,,,,,,,,
2015-09-04 00:00:00,,,,,,,,,,
2015-09-05 00:00:00,,,,,,,,,,
2015-09-06 00:00:00,,,,,,,,,,
2015-09-07 00:00:00,,,,,,,,,,
2015-09-08 00:00:00,,,,,,,,,,
2015-09-09 00:00:00,,,,,,,,,,
2015-09-10 00:00:00,,,,,,,,,,
2015-09-11 00:00:00,,,,,,,,,,
2015-09-12 00:00:00,,,,,,,,,,
2015-09-13 00:00:00,,,,,,,,,,
2015-09-14 00:00:00,,,,,,,,,,
2015-09-15 00:00:00,,,,,,,,,,
2015-09-16 00:00:00,,,,,,,,,,
2015-09-17 00:00:00,,,,,,,,,,
2015-09-18 00:00:00,,,,,,,,,,
2015-09-19 00:00:00,30.4,26,35.9,22.1,,,,,,
2015-09-20 00:00:00,29.1,,34.8,0,,,,,,
2015-09-21 00:00:00,,,,,,,,,,
2015-09-22 00:00:00,,,,,,,,,,
2015-09-23 00:00:00,,,,,,,,,,
2015-09-24 00:00:00,,,,,,,,,,
2015-09-25 00:00:00,,,,,,,,,,
2015-09-26 00:00:00,,,,,,,,,,
2015-09-27 00:00:00,,,,,,,,,,
2015-09-28 00:00:00,,,,,,,,,,
2015-09-29 00:00:00,,,,,,,,,,
2015-09-30 00:00:00,,,,,,,,,,
2015-10-01 00:00:00,,,,,,,,,,
2015-10-02 00:00:00,,,,,,,,,,
2015-10-03 00:00:00,,,,,,,,,,
2015-10-04 00:00:00,,,,,,,,,,
2015-10-05 00:00:00,,,,,,,,,,
2015-10-06 00:00:00,,,,,,,,,,
2015-10-07 00:00:00,,,,,,,,,,
2015-10-08 00:00:00,,,,,,,,,,
2015-10-09 00:00:00,,,,,,,,,,
2015-10-10 00:00:00,,,,,,,,,,
2015-10-11 00:00:00,,,,,,,,,,
2015-10-12 00:00:00,,,,,,,,,,
2015-10-13 00:00:00,,,,,,,,,,
2015-10-14 00:00:00,,,,,,,,,,
2015-10-15 00:00:00,,,,,,,,,,
2015-10-16 00:00:00,,,,,,,,,,
2015-10-17 00:00:00,,,,,,,,,,
2015-10-18 00:00:00,,,,,,,,,,
2015-10-19 00:00:00,,,,,,,,,,
2015-10-20 00:00:00,,,,,,,,,,
2015-10-21 00:00:00,,,,,,,,,,
2015-10-22 00:00:00,,,,,,,,,,
2015-10-23 00:00:00,,,,,,,,,,
2015-10-24 00:00:00,,,,,,,,,,
2015-10-25 00:00:00,,,,,,,,,,
2015-10-26 00:00:00,,,,,,,,,,
2015-10-27 00:00:00,,,,,,,,,,
2015-10-28 00:00:00,,,,,,,,,,
2015-10-29 00:00:00,,,,,,,,,,
2015-10-30 00:00:00,,,,,,,,,,
2015-10-31 00:00:00,,,,,,,,,,
2015-11-01 00:00:00,,,,,,,,,,
2015-11-02 00:00:00,,,,,,,,,,
2015-11-03 00:00:00,,,,,,,,,,
2015-11-04 00:00:00,,,,,,,,,,
2015-11-05 00:00:00,22.2,,31.9,0,,,,,,
2015-11-06 00:00:00,22.9,,30.2,1,,,,,,
2015-11-07 00:00:00,21.9,16.1,30.2,0,,,,,,
2015-11-08 00:00:00,,,,,,,,,,
2015-11-09 00:00:00,,,,,,,,,,
2015-11-10 00:00:00,,,,,,,,,,
2015-11-11 00:00:00,,,,,,,,,,
2015-11-12 00:00:00,,,,,,,,,,
2015-11-13 00:00:00,,,,,,,,,,
2015-11-14 00:00:00,,,,,,,,,,
2015-11-15 00:00:00,,,,,,,,,,
2015-11-16 00:00:00,,,,,,,,,,
2015-11-17 00:00:00,,,,,,,,,,
2015-11-18 00:00:00,,,,,,,,,,
2015-11-19 00:00:00,,,,,,,,,,
2015-11-20 00:00:00,,,,,,,,,,
2015-11-21 00:00:00,,,,,,,,,,
2015-11-22 00:00:00,,,,,,,,,,
2015-11-23 00:00:00,,,,,,,,,,
2015-11-24 00:00:00,,,,,,,,,,
2015-11-25 00:00:00,,,,,,,,,,
2015-11-26 00:00:00,,,,,,,,,,
2015-11-27 00:00:00,,,,,,,,,,
2015-11-28 00:00:00,,,,,,,,,,
2015-11-29 00:00:00,,,,,,,,,,
2015-11-30 00:00:00,,,,,,,,,,
2015-12-01 00:00:00,,,,,,,,,,
2015-12-02 00:00:00,18,13.5,26.2,0,,,,,,
2015-12-03 00:00:00,,,,,,,,,,
2015-12-04 00:00:00,,,,,,,,,,
2015-12-05 00:00:00,,,,,,,,,,
2015-12-06 00:00:00,,,,,,,,,,
2015-12-07 00:00:00,,,,,,,,,,
2015-12-08 00:00:00,,,,,,,,,,
2015-12-09 00:00:00,,,,,,,,,,
2015-12-10 00:00:00,20.1,13.7,25.5,0,,,,,,
2015-12-11 00:00:00,,,,,,,,,,
2015-12-12 00:00:00,,,,,,,,,,
2015-12-13 00:00:00,,,,,,,,,,
2015-12-14 00:00:00,,,,,,,,,,
2015-12-15 00:00:00,,,,,,,,,,
2015-12-16 00:00:00,,,,,,,,,,
2015-12-17 00:00:00,,,,,,,,,,
2015-12-18 00:00:00,,,,,,,,,,
2015-12-19 00:00:00,,,,,,,,,,
2015-12-20 00:00:00,,,,,,,,,,
2015-12-21 00:00:00,,,,,,,,,,
2015-12-22 00:00:00,,,,,,,,,,
2015-12-23 00:00:00,,,,,,,,,,
2015-12-24 00:00:00,,,,,,,,,,
2015-12-25 00:00:00,,,,,,,,,,
2015-12-26 00:00:00,,,,,,,,,,
2015-12-27 00:00:00,,,,,,,,,,
2015-12-28 00:00:00,,,,,,,,,,
2015-12-29 00:00:00,,,,,,,,,,
2015-12-30 00:00:00,,,,,,,,,,
2015-12-31 00:00:00,,,,,,,,,,
2016-01-01 00:00:00,,,,,,,,,,
2016-01-02 00:00:00,,,,,,,,,,
2016-01-03 00:00:00,,,,,,,,,,
2016-01-04 00:00:00,,,,,,,,,,
2016-01-05 00:00:00,,,,,,,,,,
2016-01-06 00:00:00,,,,,,,,,,
2016-01-07 00:00:00,,,,,,,,,,
2016-01-08 00:00:00,,,,,,,,,,
2016-01-09 00:00:00,,,,,,,,,,
2016-01-10 00:00:00,,,,,,,,,,
2016-01-11 00:00:00,,,,,,,,,,
2016-01-12 00:00:00,,,,,,,,,,
2016-01-13 00:00:00,18.3,12,25.1,0,,,,,,
2016-01-14 00:00:00,,,,,,,,,,
2016-01-15 00:00:00,,,,,,,,,,
2016-01-16 00:00:00,,,,,,,,,,
2016-01-17 00:00:00,,,,,,,,,,
2016-01-18 00:00:00,,,,,,,,,,
2016-01-19 00:00:00,,,,,,,,,,
2016-01-20 00:00:00,,,,,,,,,,
2016-01-21 00:00:00,,,,,,,,,,
2016-01-22 00:00:00,,,,,,,,,,
2016-01-23 00:00:00,,,,,,,,,,
2016-01-24 00:00:00,,,,,,,,,,
2016-01-25 00:00:00,,,,,,,,,,
2016-01-26 00:00:00,,,,,,,,,,
2016-01-27 00:00:00,,,,,,,,,,
2016-01-28 00:00:00,,,,,,,,,,
2016-01-29 00:00:00,,,,,,,,,,
2016-01-30 00:00:00,,,,,,,,,,
2016-01-31 00:00:00,,,,,,,,,,
2016-02-01 00:00:00,15.9,,,0,,,,,,
2016-02-02 00:00:00,,,,,,,,,,
2016-02-03 00:00:00,,,,,,,,,,
2016-02-04 00:00:00,,,,,,,,,,
2016-02-05 00:00:00,,,,,,,,,,
2016-02-06 00:00:00,,,,,,,,,,
2016-02-07 00:00:00,,,,,,,,,,
2016-02-08 00:00:00,,,,,,,,,,
2016-02-09 00:00:00,,,,,,,,,,
2016-02-10 00:00:00,,,,,,,,,,
2016-02-11 00:00:00,,,,,,,,,,
2016-02-12 00:00:00,,,,,,,,,,
2016-02-13 00:00:00,,,,,,,,,,
2016-02-14 00:00:00,,,,,,,,,,
2016-02-15 00:00:00,,,,,,,,,,
2016-02-16 00:00:00,,,,,,,,,,
2016-02-17 00:00:00,,,,,,,,,,
2016-02-18 00:00:00,19.4,15,25.6,0.5,,,,,,
2016-02-19 00:00:00,23.1,15.6,,0.3,,,,,,
2016-02-20 00:00:00,23.7,,29.8,0.5,,,,,,
2016-02-21 00:00:00,21,15.8,27.8,0,,,,,,
2016-02-22 00:00:00,,,,,,,,,,
2016-02-23 00:00:00,,,,,,,,,,
2016-02-24 00:00:00,,,,,,,,,,
2016-02-25 00:00:00,,,,,,,,,,
2016-02-26 00:00:00,,,,,,,,,,
2016-02-27 00:00:00,,,,,,,,,,
2016-02-28 00:00:00,,,,,,,,,,
2016-02-29 00:00:00,,,,,,,,,,
2016-03-01 00:00:00,,,,,,,,,,
2016-03-02 00:00:00,,,,,,,,,,
2016-03-03 00:00:00,,,,,,,,,,
2016-03-04 00:00:00,,,,,,,,,,
2016-03-05 00:00:00,23.9,,34.1,0,,,,,,
2016-03-06 00:00:00,22.9,15.5,30.1,6.1,,,,,,
2016-03-07 00:00:00,23.7,15.8,29.1,0,,,,,,
2016-03-08 00:00:00,,,,,,,,,,
2016-03-09 00:00:00,,,,,,,,,,
2016-03-10 00:00:00,,,,,,,,,,
2016-03-11 00:00:00,,,,,,,,,,
2016-03-12 00:00:00,,,,,,,,,,
2016-03-13 00:00:00,24.3,16.8,31,2,,,,,,
2016-03-14 00:00:00,22.4,17.1,29.5,0.3,,,,,,
2016-03-15 00:00:00,24.1,14.5,,0,,,,,,
2016-03-16 00:00:00,,,,,,,,,,
2016-03-17 00:00:00,,,,,,,,,,
2016-03-18 00:00:00,26.2,20,32.2,0.8,,,,,,
2016-03-19 00:00:00,26.8,19,,0,,,,,,
2016-03-20 00:00:00,27.1,19,,16,,,,,,
2016-03-21 00:00:00,26.6,19.5,32.8,0,,,,,,
2016-03-22 00:00:00,,,,,,,,,,
2016-03-23 00:00:00,,,,,,,,,,
2016-03-24 00:00:00,,,,,,,,,,
2016-03-25 00:00:00,,,,,,,,,,
2016-03-26 00:00:00,,,,,,,,,,
2016-03-27 00:00:00,,,,,,,,,,
2016-03-28 00:00:00,,,,,,,,,,
2016-03-29 00:00:00,,,,,,,,,,
2016-03-30 00:00:00,,,,,,,,,,
2016-03-31 00:00:00,,,,,,,,,,
2016-04-01 00:00:00,,,,,,,,,,
2016-04-02 00:00:00,,,,,,,,,,
2016-04-03 00:00:00,,,,,,,,,,
2016-04-04 00:00:00,,,,,,,,,,
2016-04-05 00:00:00,,,,,,,,,,
2016-04-06 00:00:00,31.4,23.5,,0,,,,,,
2016-04-07 00:00:00,,,,,,,,,,
2016-04-08 00:00:00,,,,,,,,,,
2016-04-09 00:00:00,,,,,,,,,,
2016-04-10 00:00:00,,,,,,,,,,
2016-04-11 00:00:00,,,,,,,,,,
2016-04-12 00:00:00,,,,,,,,,,
2016-04-13 00:00:00,,,,,,,,,,
2016-04-14 00:00:00,,,,,,,,,,
2016-04-15 00:00:00,,,,,,,,,,
2016-04-16 00:00:00,,,,,,,,,,
2016-04-17 00:00:00,,,,,,,,,,
2016-04-18 00:00:00,,,,,,,,,,
2016-04-19 00:00:00,,,,,,,,,,
2016-04-20 00:00:00,,,,,,,,,,
2016-04-21 00:00:00,,,,,,,,,,
2016-04-22 00:00:00,,,,,,,,,,
2016-04-23 00:00:00,31.9,,,0,,,,,,
2016-04-24 00:00:00,,,,,,,,,,
2016-04-25 00:00:00,,,,,,,,,,
2016-04-26 00:00:00,,,,,,,,,,
2016-04-27 00:00:00,,,,,,,,,,
2016-04-28 00:00:00,,,,,,,,,,
2016-04-29 00:00:00,,,,,,,,,,
2016-04-30 00:00:00,,,,,,,,,,
2016-05-01 00:00:00,,,,,,,,,,
2016-05-02 00:00:00,,,,,,,,,,
2016-05-03 00:00:00,,,,,,,,,,
2016-05-04 00:00:00,,,,,,,,,,
2016-05-05 00:00:00,30.6,22,39.9,0,,,,,,
2016-05-06 00:00:00,,,,,,,,,,
2016-05-07 00:00:00,,,,,,,,,,
2016-05-08 00:00:00,,,,,,,,,,
2016-05-09 00:00:00,,,,,,,,,,
2016-05-10 00:00:00,,,,,,,,,,
2016-05-11 00:00:00,32.6,24,38.7,4.1,,,,,,
2016-05-12 00:00:00,35.4,26.5,,0,,,,,,
2016-05-13 00:00:00,,,,,,,,,,
2016-05-14 00:00:00,,,,,,,,,,
2016-05-15 00:00:00,,,,,,,,,,
2016-05-16 00:00:00,,,,,,,,,,
2016-05-17 00:00:00,,,,,,,,,,
2016-05-18 00:00:00,,,,,,,,,,
2016-05-19 00:00:00,,,,,,,,,,
2016-05-20 00:00:00,,,,,,,,,,
2016-05-21 00:00:00,,,,,,,,,,
2016-05-22 00:00:00,,,,,,,,,,
2016-05-23 00:00:00,,,,,,,,,,
2016-05-24 00:00:00,,,,,,,,,,
2016-05-25 00:00:00,,,,,,,,,,
2016-05-26 00:00:00,,,,,,,,,,
2016-05-27 00:00:00,,,,,,,,,,
2016-05-28 00:00:00,,,,,,,,,,
2016-05-29 00:00:00,,,,,,,,,,
2016-05-30 00:00:00,26.9,23,36.7,5.1,,,,,,
2016-05-31 00:00:00,32.7,24.7,,5.1,,,,,,
2016-06-01 00:00:00,36,26.6,,0,,,,,,
2016-06-02 00:00:00,,,,,,,,,,
2016-06-03 00:00:00,,,,,,,,,,
2016-06-04 00:00:00,,,,,,,,,,
2016-06-05 00:00:00,,,,,,,,,,
2016-06-06 00:00:00,,,,,,,,,,
2016-06-07 00:00:00,34.6,28.7,40.3,0,,,,,,
2016-06-08 00:00:00,,,,,,,,,,
2016-06-09 00:00:00,35.7,,41.2,0,,,,,,
2016-06-10 00:00:00,,,,,,,,,,
2016-06-11 00:00:00,,,,,,,,,,
2016-06-12 00:00:00,,,,,,,,,,
2016-06-13 00:00:00,,,,,,,,,,
2016-06-14 00:00:00,32.6,26,40.7,0.3,,,,,,
2016-06-15 00:00:00,34.7,30.5,,0,,,,,,
2016-06-16 00:00:00,,,,,,,,,,
2016-06-17 00:00:00,34.2,25.8,,5.1,,,,,,
2016-06-18 00:00:00,35.9,30.1,39.5,0,,,,,,
2016-06-19 00:00:00,,,,,,,,,,
2016-06-20 00:00:00,,,,,,,,,,
2016-06-21 00:00:00,,,,,,,,,,
2016-06-22 00:00:00,,,,,,,,,,
2016-06-23 00:00:00,,,,,,,,,,
2016-06-24 00:00:00,,,,,,,,,,
2016-06-25 00:00:00,,,,,,,,,,
2016-06-26 00:00:00,,,,,,,,,,
2016-06-27 00:00:00,,,,,,,,,,
2016-06-28 00:00:00,30.8,25,39.6,13,,,,,,
2016-06-29 00:00:00,35.4,27.2,,2,,,,,,
2016-06-30 00:00:00,35.4,,,0,,,,,,
2016-07-01 00:00:00,32.2,,39.8,13,,,,,,
2016-07-02 00:00:00,28.4,24.4,36.6,23.9,,,,,,
2016-07-03 00:00:00,29.6,,,0,,,,,,
2016-07-04 00:00:00,30.7,24.8,,45,,,,,,
2016-07-05 00:00:00,33.2,27.9,,0,,,,,,
2016-07-06 00:00:00,33.1,28.5,36.5,0,,,,,,
2016-07-07 00:00:00,,,,,,,,,,
2016-07-08 00:00:00,,,,,,,,,,
2016-07-09 00:00:00,,,,,,,,,,
2016-07-10 00:00:00,,,,,,,,,,
2016-07-11 00:00:00,31.6,28.7,36.7,0,,,,,,
2016-07-12 00:00:00,30.5,,,2,,,,,,
2016-07-13 00:00:00,31.1,27.8,,1,,,,,,
2016-07-14 00:00:00,30.5,,35.4,16,,,,,,
2016-07-15 00:00:00,31,26,35.2,24.9,,,,,,
2016-07-16 00:00:00,27.1,24.6,32.7,0,,,,,,
2016-07-17 00:00:00,28.1,,,11.9,,,,,,
2016-07-18 00:00:00,27.6,25,,25.9,,,,,,
2016-07-19 00:00:00,32.4,26.2,,21.1,,,,,,
2016-07-20 00:00:00,34.1,28.5,,0,,,,,,
2016-07-21 00:00:00,,,,,,,,,,
2016-07-22 00:00:00,,,,,,,,,,
2016-07-23 00:00:00,31.9,28.4,37.3,0,,,,,,
2016-07-24 00:00:00,,,,,,,,,,
2016-07-25 00:00:00,31.9,28.3,35,0,,,,,,
2016-07-26 00:00:00,,,,,,,,,,
2016-07-27 00:00:00,,,,,,,,,,
2016-07-28 00:00:00,,,,,,,,,,
2016-07-29 00:00:00,,,,,,,,,,
2016-07-30 00:00:00,,,,,,,,,,
2016-07-31 00:00:00,,,,,,,,,,
2016-08-01 00:00:00,29.1,26.4,,13,,,,,,
2016-08-02 00:00:00,30.9,26,,14,,,,,,
2016-08-03 00:00:00,32.6,26.2,,0,,,,,,
2016-08-04 00:00:00,,,,,,,,,,
2016-08-05 00:00:00,,,,,,,,,,
2016-08-06 00:00:00,30,,36.7,0.3,,,,,,
2016-08-07 00:00:00,33.3,26.4,,0.8,,,,,,
2016-08-08 00:00:00,33.3,28.6,36.5,0,,,,,,
2016-08-09 00:00:00,,,,,,,,,,
2016-08-10 00:00:00,,,,,,,,,,
2016-08-11 00:00:00,28,26.4,35.3,7.1,,,,,,
2016-08-12 00:00:00,28.9,26.2,,5.1,,,,,,
2016-08-13 00:00:00,29.9,25.5,,30,,,,,,
2016-08-14 00:00:00,29,26,33.7,1,,,,,,
2016-08-15 00:00:00,31.3,27,,3,,,,,,
2016-08-16 00:00:00,31.1,26.4,,0,,,,,,
2016-08-17 00:00:00,,,,,,,,,,
2016-08-18 00:00:00,29.6,26.4,,0.3,,,,,,
2016-08-19 00:00:00,31.7,26.4,,1,,,,,,
2016-08-20 00:00:00,32.6,27.6,,0,,,,,,
2016-08-21 00:00:00,,,,,,,,,,
2016-08-22 00:00:00,,,,,,,,,,
2016-08-23 00:00:00,,,,,,,,,,
2016-08-24 00:00:00,29.9,28,33.7,0,,,,,,
2016-08-25 00:00:00,31,26.8,,6.1,,,,,,
2016-08-26 00:00:00,30.8,26.8,35.2,0,,,,,,
2016-08-27 00:00:00,31.4,25.5,,15,,,,,,
2016-08-28 00:00:00,32.8,27.5,,0,,,,,,
2016-08-29 00:00:00,29.1,,37,0,,,,,,
2016-08-30 00:00:00,29.5,25,34.7,22.1,,,,,,
2016-08-31 00:00:00,27.3,,33.3,4.1,,,,,,
2016-09-01 00:00:00,27.8,25.2,,63,,,,,,
2016-09-02 00:00:00,30.6,25.5,,6.1,,,,,,
2016-09-03 00:00:00,30.7,25,,0,,,,,,
2016-09-04 00:00:00,,,,,,,,,,
2016-09-05 00:00:00,,,,,,,,,,
2016-09-06 00:00:00,,,,,,,,,,
2016-09-07 00:00:00,,,,,,,,,,
2016-09-08 00:00:00,,,,,,,,,,
2016-09-09 00:00:00,,,,,,,,,,
2016-09-10 00:00:00,,,,,,,,,,
2016-09-11 00:00:00,,,,,,,,,,
2016-09-12 00:00:00,,,,,,,,,,
2016-09-13 00:00:00,,,,,,,,,,
2016-09-14 00:00:00,,,,,,,,,,
2016-09-15 00:00:00,,,,,,,,,,
2016-09-16 00:00:00,,,,,,,,,,
2016-09-17 00:00:00,,,,,,,,,,
2016-09-18 00:00:00,,,,,,,,,,
2016-09-19 00:00:00,,,,,,,,,,
2016-09-20 00:00:00,,,,,,,,,,
2016-09-21 00:00:00,,,,,,,,,,
2016-09-22 00:00:00,,,,,,,,,,
2016-09-23 00:00:00,,,,,,,,,,
2016-09-24 00:00:00,,,,,,,,,,
2016-09-25 00:00:00,,,,,,,,,,
2016-09-26 00:00:00,,,,,,,,,,
2016-09-27 00:00:00,,,,,,,,,,
2016-09-28 00:00:00,,,,,,,,,,
2016-09-29 00:00:00,,,,,,,,,,
2016-09-30 00:00:00,,,,,,,,,,
2016-10-01 00:00:00,,,,,,,,,,
2016-10-02 00:00:00,,,,,,,,,,
2016-10-03 00:00:00,,,,,,,,,,
2016-10-04 00:00:00,,,,,,,,,,
2016-10-05 00:00:00,,,,,,,,,,
2016-10-06 00:00:00,30.3,25.5,,0,,,,,,
2016-10-07 00:00:00,,,,,,,,,,
2016-10-08 00:00:00,,,,,,,,,,
2016-10-09 00:00:00,,,,,,,,,,
2016-10-10 00:00:00,,,,,,,,,,
2016-10-11 00:00:00,,,,,,,,,,
2016-10-12 00:00:00,,,,,,,,,,
2016-10-13 00:00:00,,,,,,,,,,
2016-10-14 00:00:00,,,,,,,,,,
2016-10-15 00:00:00,,,,,,,,,,
2016-10-16 00:00:00,,,,,,,,,,
2016-10-17 00:00:00,,,,,,,,,,
2016-10-18 00:00:00,,,,,,,,,,
2016-10-19 00:00:00,,,,,,,,,,
2016-10-20 00:00:00,,,,,,,,,,
2016-10-21 00:00:00,,,,,,,,,,
2016-10-22 00:00:00,,,,,,,,,,
2016-10-23 00:00:00,,,,,,,,,,
2016-10-24 00:00:00,,,,,,,,,,
2016-10-25 00:00:00,,,,,,,,,,
2016-10-26 00:00:00,,,,,,,,,,
2016-10-27 00:00:00,,,,,,,,,,
2016-10-28 00:00:00,,,,,,,,,,
2016-10-29 00:00:00,,,,,,,,,,
2016-10-30 00:00:00,,,,,,,,,,
2016-10-31 00:00:00,,,,,,,,,,
2016-11-01 00:00:00,,,,,,,,,,
2016-11-02 00:00:00,,,,,,,,,,
2016-11-03 00:00:00,,,,,,,,,,
2016-11-04 00:00:00,,,,,,,,,,
2016-11-05 00:00:00,,,,,,,,,,
2016-11-06 00:00:00,,,,,,,,,,
2016-11-07 00:00:00,,,,,,,,,,
2016-11-08 00:00:00,,,,,,,,,,
2016-11-09 00:00:00,,,,,,,,,,
2016-11-10 00:00:00,,,,,,,,,,
2016-11-11 00:00:00,,,,,,,,,,
2016-11-12 00:00:00,,,,,,,,,,
2016-11-13 00:00:00,,,,,,,,,,
2016-11-14 00:00:00,,,,,,,,,,
2016-11-15 00:00:00,,,,,,,,,,
2016-11-16 00:00:00,,,,,,,,,,
2016-11-17 00:00:00,,,,,,,,,,
2016-11-18 00:00:00,,,,,,,,,,
2016-11-19 00:00:00,,,,,,,,,,
2016-11-20 00:00:00,,,,,,,,,,
2016-11-21 00:00:00,,,,,,,,,,
2016-11-22 00:00:00,,,,,,,,,,
2016-11-23 00:00:00,,,,,,,,,,
2016-11-24 00:00:00,,,,,,,,,,
2016-11-25 00:00:00,,,,,,,,,,
2016-11-26 00:00:00,,,,,,,,,,
2016-11-27 00:00:00,,,,,,,,,,
2016-11-28 00:00:00,,,,,,,,,,
2016-11-29 00:00:00,,,,,,,,,,
2016-11-30 00:00:00,,,,,,,,,,
2016-12-01 00:00:00,,,,,,,,,,
2016-12-02 00:00:00,,,,,,,,,,
2016-12-03 00:00:00,,,,,,,,,,
2016-12-04 00:00:00,,,,,,,,,,
2016-12-05 00:00:00,,,,,,,,,,
2016-12-06 00:00:00,,,,,,,,,,
2016-12-07 00:00:00,,,,,,,,,,
2016-12-08 00:00:00,,,,,,,,,,
2016-12-09 00:00:00,,,,,,,,,,
2016-12-10 00:00:00,,,,,,,,,,
2016-12-11 00:00:00,,,,,,,,,,
2016-12-12 00:00:00,,,,,,,,,,
2016-12-13 00:00:00,,,,,,,,,,
2016-12-14 00:00:00,,,,,,,,,,
2016-12-15 00:00:00,,,,,,,,,,
2016-12-16 00:00:00,,,,,,,,,,
2016-12-17 00:00:00,,,,,,,,,,
2016-12-18 00:00:00,,,,,,,,,,
2016-12-19 00:00:00,,,,,,,,,,
2016-12-20 00:00:00,,,,,,,,,,
2016-12-21 00:00:00,,,,,,,,,,
2016-12-22 00:00:00,,,,,,,,,,
2016-12-23 00:00:00,,,,,,,,,,
2016-12-24 00:00:00,,,,,,,,,,
2016-12-25 00:00:00,,,,,,,,,,
2016-12-26 00:00:00,,,,,,,,,,
2016-12-27 00:00:00,,,,,,,,,,
2016-12-28 00:00:00,,,,,,,,,,
2016-12-29 00:00:00,,,,,,,,,,
2016-12-30 00:00:00,,,,,,,,,,
2016-12-31 00:00:00,,,,,,,,,,
2017-01-01 00:00:00,,,,,,,,,,
2017-01-02 00:00:00,,,,,,,,,,
2017-01-03 00:00:00,,,,,,,,,,
2017-01-04 00:00:00,,,,,,,,,,
2017-01-05 00:00:00,,,,,,,,,,
2017-01-06 00:00:00,,,,,,,,,,
2017-01-07 00:00:00,14.7,,24.4,3,,,,,,
2017-01-08 00:00:00,15.4,,,0,,,,,,
2017-01-09 00:00:00,,,,,,,,,,
2017-01-10 00:00:00,,,,,,,,,,
2017-01-11 00:00:00,,,,,,,,,,
2017-01-12 00:00:00,,,,,,,,,,
2017-01-13 00:00:00,,,,,,,,,,
2017-01-14 00:00:00,,,,,,,,,,
2017-01-15 00:00:00,,,,,,,,,,
2017-01-16 00:00:00,,,,,,,,,,
2017-01-17 00:00:00,,,,,,,,,,
2017-01-18 00:00:00,,,,,,,,,,
2017-01-19 00:00:00,,,,,,,,,,
2017-01-20 00:00:00,,,,,,,,,,
2017-01-21 00:00:00,,,,,,,,,,
2017-01-22 00:00:00,,,,,,,,,,
2017-01-23 00:00:00,,,,,,,,,,
2017-01-24 00:00:00,,,,,,,,,,
2017-01-25 00:00:00,,,,,,,,,,
2017-01-26 00:00:00,16.2,,25.1,0.3,,,,,,
2017-01-27 00:00:00,16.1,,,30,,,,,,
2017-01-28 00:00:00,14.9,10.6,20.1,0,,,,,,
2017-01-29 00:00:00,,,,,,,,,,
2017-01-30 00:00:00,,,,,,,,,,
2017-01-31 00:00:00,,,,,,,,,,
2017-02-01 00:00:00,,,,,,,,,,
2017-02-02 00:00:00,,,,,,,,,,
2017-02-03 00:00:00,,,,,,,,,,
2017-02-04 00:00:00,,,,,,,,,,
2017-02-05 00:00:00,,,,,,,,,,
2017-02-06 00:00:00,17.4,,,0,,,,,,
2017-02-07 00:00:00,,,,,,,,,,
2017-02-08 00:00:00,,,,,,,,,,
2017-02-09 00:00:00,,,,,,,,,,
2017-02-10 00:00:00,,,,,,,,,,
2017-02-11 00:00:00,,,,,,,,,,
2017-02-12 00:00:00,,,,,,,,,,
2017-02-13 00:00:00,,,,,,,,,,
2017-02-14 00:00:00,,,,,,,,,,
2017-02-15 00:00:00,,,,,,,,,,
2017-02-16 00:00:00,,,,,,,,,,
2017-02-17 00:00:00,,,,,,,,,,
2017-02-18 00:00:00,,,,,,,,,,
2017-02-19 00:00:00,,,,,,,,,,
2017-02-20 00:00:00,,,,,,,,,,
2017-02-21 00:00:00,,,,,,,,,,
2017-02-22 00:00:00,,,,,,,,,,
2017-02-23 00:00:00,,,,,,,,,,
2017-02-24 00:00:00,,,,,,,,,,
2017-02-25 00:00:00,,,,,,,,,,
2017-02-26 00:00:00,,,,,,,,,,
2017-02-27 00:00:00,,,,,,,,,,
2017-02-28 00:00:00,,,,,,,,,,
2017-03-01 00:00:00,24.7,18,32.5,0,,,,,,
2017-03-02 00:00:00,22.8,16.5,30.5,0,,,,,,
2017-03-03 00:00:00,,,,,,,,,,
2017-03-04 00:00:00,,,,,,,,,,
2017-03-05 00:00:00,,,,,,,,,,
2017-03-06 00:00:00,,,,,,,,,,
2017-03-07 00:00:00,,,,,,,,,,
2017-03-08 00:00:00,22.8,,30.7,0,,,,,,
2017-03-09 00:00:00,20.7,14.6,,0.3,,,,,,
2017-03-10 00:00:00,19.6,,,2,,,,,,
2017-03-11 00:00:00,18.2,11.4,25.8,2,,,,,,
2017-03-12 00:00:00,18.3,10.5,,6.1,,,,,,
2017-03-13 00:00:00,18.4,9,,0,,,,,,
2017-03-14 00:00:00,,,,,,,,,,
2017-03-15 00:00:00,,,,,,,,,,
2017-03-16 00:00:00,,,,,,,,,,
2017-03-17 00:00:00,,,,,,,,,,
2017-03-18 00:00:00,,,,,,,,,,
2017-03-19 00:00:00,,,,,,,,,,
2017-03-20 00:00:00,,,,,,,,,,
2017-03-21 00:00:00,,,,,,,,,,
2017-03-22 00:00:00,,,,,,,,,,
2017-03-23 00:00:00,,,,,,,,,,
2017-03-24 00:00:00,,,,,,,,,,
2017-03-25 00:00:00,,,,,,,,,,
2017-03-26 00:00:00,,,,,,,,,,
2017-03-27 00:00:00,,,,,,,,,,
2017-03-28 00:00:00,,,,,,,,,,
2017-03-29 00:00:00,,,,,,,,,,
2017-03-30 00:00:00,,,,,,,,,,
2017-03-31 00:00:00,,,,,,,,,,
2017-04-01 00:00:00,,,,,,,,,,
2017-04-02 00:00:00,,,,,,,,,,
2017-04-03 00:00:00,,,,,,,,,,
2017-04-04 00:00:00,,,,,,,,,,
2017-04-05 00:00:00,,,,,,,,,,
2017-04-06 00:00:00,,,,,,,,,,
2017-04-07 00:00:00,,,,,,,,,,
2017-04-08 00:00:00,,,,,,,,,,
2017-04-09 00:00:00,,,,,,,,,,
2017-04-10 00:00:00,,,,,,,,,,
2017-04-11 00:00:00,,,,,,,,,,
2017-04-12 00:00:00,,,,,,,,,,
2017-04-13 00:00:00,,,,,,,,,,
2017-04-14 00:00:00,,,,,,,,,,
2017-04-15 00:00:00,,,,,,,,,,
2017-04-16 00:00:00,,,,,,,,,,
2017-04-17 00:00:00,,,,,,,,,,
2017-04-18 00:00:00,,,,,,,,,,
2017-04-19 00:00:00,,,,,,,,,,
2017-04-20 00:00:00,,,,,,,,,,
2017-04-21 00:00:00,,,,,,,,,,
2017-04-22 00:00:00,,,,,,,,,,
2017-04-23 00:00:00,,,,,,,,,,
2017-04-24 00:00:00,,,,,,,,,,
2017-04-25 00:00:00,,,,,,,,,,
2017-04-26 00:00:00,32.1,23,38.3,2,,,,,,
2017-04-27 00:00:00,32.6,22.5,38.2,0,,,,,,
2017-04-28 00:00:00,,,,,,,,,,
2017-04-29 00:00:00,,,,,,,,,,
2017-04-30 00:00:00,31.9,24.3,39.2,0,,,,,,
2017-05-01 00:00:00,32.2,23.1,38.1,0,,,,,,
2017-05-02 00:00:00,,,,,,,,,,
2017-05-03 00:00:00,,,,,,,,,,
2017-05-04 00:00:00,32.9,23.2,40.1,2,,,,,,
2017-05-05 00:00:00,33.8,23.5,,0,,,,,,
2017-05-06 00:00:00,,,,,,,,,,
2017-05-07 00:00:00,,,,,,,,,,
2017-05-08 00:00:00,,,,,,,,,,
2017-05-09 00:00:00,,,,,,,,,,
2017-05-10 00:00:00,,,,,,,,,,
2017-05-11 00:00:00,35,26.6,,0.8,,,,,,
2017-05-12 00:00:00,35.8,28.4,,0,,,,,,
2017-05-13 00:00:00,,,,,,,,,,
2017-05-14 00:00:00,,,,,,,,,,
2017-05-15 00:00:00,,,,,,,,,,
2017-05-16 00:00:00,,,,,,,,,,
2017-05-17 00:00:00,32.7,28.4,41.4,0,,,,,,
2017-05-18 00:00:00,,,,,,,,,,
2017-05-19 00:00:00,32.3,27.4,40.2,0.5,,,,,,
2017-05-20 00:00:00,34,28.4,41.4,0,,,,,,
2017-05-21 00:00:00,,,,,,,,,,
2017-05-22 00:00:00,,,,,,,,,,
2017-05-23 00:00:00,,,,,,,,,,
2017-05-24 00:00:00,,,,,,,,,,
2017-05-25 00:00:00,,,,,,,,,,
2017-05-26 00:00:00,,,,,,,,,,
2017-05-27 00:00:00,,,,,,,,,,
2017-05-28 00:00:00,31.8,22.5,40.5,11.9,,,,,,
2017-05-29 00:00:00,28.8,22.7,36.3,7.9,,,,,,
2017-05-30 00:00:00,32.4,,,0,,,,,,
2017-05-31 00:00:00,,,,,,,,,,
2017-06-01 00:00:00,,,,,,,,,,
2017-06-02 00:00:00,,,,,,,,,,
2017-06-03 00:00:00,,,,,,,,,,
2017-06-04 00:00:00,,,,,,,,,,
2017-06-05 00:00:00,,,,,,,,,,
2017-06-06 00:00:00,,,,,,,,,,
2017-06-07 00:00:00,31.7,26,43,0,,,,,,
2017-06-08 00:00:00,30.3,,37.2,0,,,,,,
2017-06-09 00:00:00,32.9,26.4,,5.1,,,,,,
2017-06-10 00:00:00,33.9,,,0,,,,,,
2017-06-11 00:00:00,,,,,,,,,,
2017-06-12 00:00:00,,,,,,,,,,
2017-06-13 00:00:00,,,,,,,,,,
2017-06-14 00:00:00,,,,,,,,,,
2017-06-15 00:00:00,,,,,,,,,,
2017-06-16 00:00:00,28.3,21.8,39.6,18,,,,,,
2017-06-17 00:00:00,29,24.5,35.2,4.1,,,,,,
2017-06-18 00:00:00,32,,,0,,,,,,
2017-06-19 00:00:00,30.1,24,,17,,,,,,
2017-06-20 00:00:00,27.6,23.2,37.4,23.9,,,,,,
2017-06-21 00:00:00,27.7,23.7,32.2,20.1,,,,,,
2017-06-22 00:00:00,29.4,,,18,,,,,,
2017-06-23 00:00:00,32.4,26.6,,3,,,,,,
2017-06-24 00:00:00,34,28,,0,,,,,,
2017-06-25 00:00:00,,,,,,,,,,
2017-06-26 00:00:00,,,,,,,,,,
2017-06-27 00:00:00,,,,,,,,,,
2017-06-28 00:00:00,,,,,,,,,,
2017-06-29 00:00:00,28.5,24.2,35,53.1,,,,,,
2017-06-30 00:00:00,27.9,,31.4,17,,,,,,
2017-07-01 00:00:00,30.3,25.4,,16,,,,,,
2017-07-02 00:00:00,28.1,,35.1,20.1,,,,,,
2017-07-03 00:00:00,32,26.7,,4.1,,,,,,
2017-07-04 00:00:00,33.2,28.3,,0,,,,,,
2017-07-05 00:00:00,32.9,29.2,36.5,1,,,,,,
2017-07-06 00:00:00,31.2,27.4,36.1,0,,,,,,
2017-07-07 00:00:00,31.3,25.2,35.8,18,,,,,,
2017-07-08 00:00:00,32.3,28.2,,0,,,,,,
2017-07-09 00:00:00,,,,,,,,,,
2017-07-10 00:00:00,,,,,,,,,,
2017-07-11 00:00:00,30.2,,38,0.3,,,,,,
2017-07-12 00:00:00,29.7,26,38.5,24.9,,,,,,
2017-07-13 00:00:00,31.1,27,,0,,,,,,
2017-07-14 00:00:00,,,,,,,,,,
2017-07-15 00:00:00,31.6,28.4,36.4,0,,,,,,
2017-07-16 00:00:00,32.4,28.5,36.4,5.1,,,,,,
2017-07-17 00:00:00,29.6,,36.2,0,,,,,,
2017-07-18 00:00:00,32.8,27.4,,22.1,,,,,,
2017-07-19 00:00:00,34.1,28,,0,,,,,,
2017-07-20 00:00:00,29.2,,38.4,25.9,,,,,,
2017-07-21 00:00:00,32.5,28,,3,,,,,,
2017-07-22 00:00:00,30.7,,36,0,,,,,,
2017-07-23 00:00:00,30.1,25.2,,8.9,,,,,,
2017-07-24 00:00:00,30.1,26.5,34.6,15,,,,,,
2017-07-25 00:00:00,29.6,26.6,33.4,3,,,,,,
2017-07-26 00:00:00,31.6,26.4,,3,,,,,,
2017-07-27 00:00:00,32.2,28.6,35,0,,,,,,
2017-07-28 00:00:00,,,,,,,,,,
2017-07-29 00:00:00,,,,,,,,,,
2017-07-30 00:00:00,,,,,,,,,,
2017-07-31 00:00:00,28.3,,34.1,1,,,,,,
2017-08-01 00:00:00,28.8,26.8,,0,,,,,,
2017-08-02 00:00:00,29.8,27,32,0.3,,,,,,
2017-08-03 00:00:00,31.2,27.3,,0,,,,,,
2017-08-04 00:00:00,,,,,,,,,,
2017-08-05 00:00:00,,,,,,,,,,
2017-08-06 00:00:00,,,,,,,,,,
2017-08-07 00:00:00,,,,,,,,,,
2017-08-08 00:00:00,,,,,,,,,,
2017-08-09 00:00:00,,,,,,,,,,
2017-08-10 00:00:00,,,,,,,,,,
2017-08-11 00:00:00,,,,,,,,,,
2017-08-12 00:00:00,,,,,,,,,,
2017-08-13 00:00:00,,,,,,,,,,
2017-08-14 00:00:00,,,,,,,,,,
2017-08-15 00:00:00,,,,,,,,,,
2017-08-16 00:00:00,,,,,,,,,,
2017-08-17 00:00:00,,,,,,,,,,
2017-08-18 00:00:00,,,,,,,,,,
2017-08-19 00:00:00,27.9,26,37.8,23.1,,,,,,
2017-08-20 00:00:00,32,26.5,,3,,,,,,
2017-08-21 00:00:00,32.1,28.3,,0,,,,,,
2017-08-22 00:00:00,,,,,,,,,,
2017-08-23 00:00:00,,,,,,,,,,
2017-08-24 00:00:00,,,,,,,,,,
2017-08-25 00:00:00,,,,,,,,,,
2017-08-26 00:00:00,,,,,,,,,,
2017-08-27 00:00:00,,,,,,,,,,
2017-08-28 00:00:00,,,,,,,,,,
2017-08-29 00:00:00,,,,,,,,,,
2017-08-30 00:00:00,,,,,,,,,,
2017-08-31 00:00:00,28.2,,35.5,4.1,,,,,,
2017-09-01 00:00:00,28.5,25.5,,68.1,,,,,,
2017-09-02 00:00:00,28.2,,32.6,5.1,,,,,,
2017-09-03 00:00:00,30.7,25.2,,1,,,,,,
2017-09-04 00:00:00,31.5,,,0,,,,,,
2017-09-05 00:00:00,,,,,,,,,,
2017-09-06 00:00:00,31.6,,,0,,,,,,
2017-09-07 00:00:00,28.9,24.2,36.1,7.1,,,,,,
2017-09-08 00:00:00,31.2,26.5,,0,,,,,,
2017-09-09 00:00:00,,,,,,,,,,
2017-09-10 00:00:00,,,,,,,,,,
2017-09-11 00:00:00,,,,,,,,,,
2017-09-12 00:00:00,,,,,,,,,,
2017-09-13 00:00:00,,,,,,,,,,
2017-09-14 00:00:00,,,,,,,,,,
2017-09-15 00:00:00,,,,,,,,,,
2017-09-16 00:00:00,,,,,,,,,,
2017-09-17 00:00:00,,,,,,,,,,
2017-09-18 00:00:00,,,,,,,,,,
2017-09-19 00:00:00,,,,,,,,,,
2017-09-20 00:00:00,,,,,,,,,,
2017-09-21 00:00:00,,,,,,,,,,
2017-09-22 00:00:00,,,,,,,,,,
2017-09-23 00:00:00,,,,,,,,,,
2017-09-24 00:00:00,,,,,,,,,,
2017-09-25 00:00:00,,,,,,,,,,
2017-09-26 00:00:00,,,,,,,,,,
2017-09-27 00:00:00,,,,,,,,,,
2017-09-28 00:00:00,,,,,,,,,,
2017-09-29 00:00:00,,,,,,,,,,
2017-09-30 00:00:00,,,,,,,,,,
2017-10-01 00:00:00,,,,,,,,,,
2017-10-02 00:00:00,,,,,,,,,,
2017-10-03 00:00:00,,,,,,,,,,
2017-10-04 00:00:00,,,,,,,,,,
2017-10-05 00:00:00,,,,,,,,,,
2017-10-06 00:00:00,,,,,,,,,,
2017-10-07 00:00:00,,,,,,,,,,
2017-10-08 00:00:00,,,,,,,,,,
2017-10-09 00:00:00,,,,,,,,,,
2017-10-10 00:00:00,,,,,,,,,,
2017-10-11 00:00:00,,,,,,,,,,
2017-10-12 00:00:00,,,,,,,,,,
2017-10-13 00:00:00,,,,,,,,,,
2017-10-14 00:00:00,,,,,,,,,,
2017-10-15 00:00:00,,,,,,,,,,
2017-10-16 00:00:00,,,,,,,,,,
2017-10-17 00:00:00,,,,,,,,,,
2017-10-18 00:00:00,,,,,,,,,,
2017-10-19 00:00:00,,,,,,,,,,
2017-10-20 00:00:00,,,,,,,,,,
2017-10-21 00:00:00,,,,,,,,,,
2017-10-22 00:00:00,,,,,,,,,,
2017-10-23 00:00:00,,,,,,,,,,
2017-10-24 00:00:00,,,,,,,,,,
2017-10-25 00:00:00,,,,,,,,,,
2017-10-26 00:00:00,,,,,,,,,,
2017-10-27 00:00:00,,,,,,,,,,
2017-10-28 00:00:00,,,,,,,,,,
2017-10-29 00:00:00,,,,,,,,,,
2017-10-30 00:00:00,,,,,,,,,,
2017-10-31 00:00:00,,,,,,,,,,
2017-11-01 00:00:00,,,,,,,,,,
2017-11-02 00:00:00,,,,,,,,,,
2017-11-03 00:00:00,,,,,,,,,,
2017-11-04 00:00:00,,,,,,,,,,
2017-11-05 00:00:00,,,,,,,,,,
2017-11-06 00:00:00,,,,,,,,,,
2017-11-07 00:00:00,,,,,,,,,,
2017-11-08 00:00:00,,,,,,,,,,
2017-11-09 00:00:00,,,,,,,,,,
2017-11-10 00:00:00,,,,,,,,,,
2017-11-11 00:00:00,,,,,,,,,,
2017-11-12 00:00:00,,,,,,,,,,
2017-11-13 00:00:00,,,,,,,,,,
2017-11-14 00:00:00,,,,,,,,,,
2017-11-15 00:00:00,,,,,,,,,,
2017-11-16 00:00:00,,,,,,,,,,
2017-11-17 00:00:00,,,,,,,,,,
2017-11-18 00:00:00,20.4,15.2,26.1,1,,,,,,
2017-11-19 00:00:00,18.1,,24.3,0,,,,,,
2017-11-20 00:00:00,,,,,,,,,,
2017-11-21 00:00:00,,,,,,,,,,
2017-11-22 00:00:00,,,,,,,,,,
2017-11-23 00:00:00,,,,,,,,,,
2017-11-24 00:00:00,,,,,,,,,,
2017-11-25 00:00:00,,,,,,,,,,
2017-11-26 00:00:00,,,,,,,,,,
2017-11-27 00:00:00,,,,,,,,,,
2017-11-28 00:00:00,,,,,,,,,,
2017-11-29 00:00:00,,,,,,,,,,
2017-11-30 00:00:00,,,,,,,,,,
2017-12-01 00:00:00,,,,,,,,,,
2017-12-02 00:00:00,,,,,,,,,,
2017-12-03 00:00:00,,,,,,,,,,
2017-12-04 00:00:00,,,,,,,,,,
2017-12-05 00:00:00,,,,,,,,,,
2017-12-06 00:00:00,,,,,,,,,,
2017-12-07 00:00:00,17.4,,,0,,,,,,
2017-12-08 00:00:00,16.6,9.4,25.2,0,,,,,,
2017-12-09 00:00:00,,,,,,,,,,
2017-12-10 00:00:00,,,,,,,,,,
2017-12-11 00:00:00,,,,,,,,,,
2017-12-12 00:00:00,17.2,13.8,24.2,7.9,,,,,,
2017-12-13 00:00:00,15.7,12,21.7,0,,,,,,
2017-12-14 00:00:00,,,,,,,,,,
2017-12-15 00:00:00,,,,,,,,,,
2017-12-16 00:00:00,,,,,,,,,,
2017-12-17 00:00:00,,,,,,,,,,
2017-12-18 00:00:00,,,,,,,,,,
2017-12-19 00:00:00,,,,,,,,,,
2017-12-20 00:00:00,,,,,,,,,,
2017-12-21 00:00:00,,,,,,,,,,
2017-12-22 00:00:00,,,,,,,,,,
2017-12-23 00:00:00,,,,,,,,,,
2017-12-24 00:00:00,,,,,,,,,,
2017-12-25 00:00:00,,,,,,,,,,
2017-12-26 00:00:00,,,,,,,,,,
2017-12-27 00:00:00,,,,,,,,,,
2017-12-28 00:00:00,,,,,,,,,,
2017-12-29 00:00:00,,,,,,,,,,
2017-12-30 00:00:00,,,,,,,,,,
2017-12-31 00:00:00,,,,,,,,,,
2018-01-01 00:00:00,,,,,,,,,,
2018-01-02 00:00:00,,,,,,,,,,
2018-01-03 00:00:00,,,,,,,,,,
2018-01-04 00:00:00,,,,,,,,,,
2018-01-05 00:00:00,,,,,,,,,,
2018-01-06 00:00:00,,,,,,,,,,
2018-01-07 00:00:00,,,,,,,,,,
2018-01-08 00:00:00,,,,,,,,,,
2018-01-09 00:00:00,,,,,,,,,,
2018-01-10 00:00:00,,,,,,,,,,
2018-01-11 00:00:00,,,,,,,,,,
2018-01-12 00:00:00,,,,,,,,,,
2018-01-13 00:00:00,,,,,,,,,,
2018-01-14 00:00:00,,,,,,,,,,
2018-01-15 00:00:00,,,,,,,,,,
2018-01-16 00:00:00,,,,,,,,,,
2018-01-17 00:00:00,,,,,,,,,,
2018-01-18 00:00:00,,,,,,,,,,
2018-01-19 00:00:00,,,,,,,,,,
2018-01-20 00:00:00,,,,,,,,,,
2018-01-21 00:00:00,,,,,,,,,,
2018-01-22 00:00:00,,,,,,,,,,
2018-01-23 00:00:00,12.6,9.4,25.2,0,,,,,,
2018-01-24 00:00:00,13,7.4,,4.1,,,,,,
2018-01-25 00:00:00,12.4,8.8,18.9,0,,,,,,
2018-01-26 00:00:00,,,,,,,,,,
2018-01-27 00:00:00,,,,,,,,,,
2018-01-28 00:00:00,,,,,,,,,,
2018-01-29 00:00:00,,,,,,,,,,
2018-01-30 00:00:00,,,,,,,,,,
2018-01-31 00:00:00,,,,,,,,,,
2018-02-01 00:00:00,,,,,,,,,,
2018-02-02 00:00:00,,,,,,,,,,
2018-02-03 00:00:00,,,,,,,,,,
2018-02-04 00:00:00,,,,,,,,,,
2018-02-05 00:00:00,,,,,,,,,,
2018-02-06 00:00:00,,,,,,,,,,
2018-02-07 00:00:00,,,,,,,,,,
2018-02-08 00:00:00,,,,,,,,,,
2018-02-09 00:00:00,,,,,,,,,,
2018-02-10 00:00:00,,,,,,,,,,
2018-02-11 00:00:00,,,,,,,,,,
2018-02-12 00:00:00,,,,,,,,,,
2018-02-13 00:00:00,,,,,,,,,,
2018-02-14 00:00:00,,,,,,,,,,
2018-02-15 00:00:00,,,,,,,,,,
2018-02-16 00:00:00,,,,,,,,,,
2018-02-17 00:00:00,,,,,,,,,,
2018-02-18 00:00:00,,,,,,,,,,
2018-02-19 00:00:00,,,,,,,,,,
2018-02-20 00:00:00,,,,,,,,,,
2018-02-21 00:00:00,,,,,,,,,,
2018-02-22 00:00:00,,,,,,,,,,
2018-02-23 00:00:00,,,,,,,,,,
2018-02-24 00:00:00,,,,,,,,,,
2018-02-25 00:00:00,,,,,,,,,,
2018-02-26 00:00:00,,,,,,,,,,
2018-02-27 00:00:00,,,,,,,,,,
2018-02-28 00:00:00,,,,,,,,,,
2018-03-01 00:00:00,,,,,,,,,,
2018-03-02 00:00:00,,,,,,,,,,
2018-03-03 00:00:00,,,,,,,,,,
2018-03-04 00:00:00,,,,,,,,,,
2018-03-05 00:00:00,,,,,,,,,,
2018-03-06 00:00:00,,,,,,,,,,
2018-03-07 00:00:00,,,,,,,,,,
2018-03-08 00:00:00,,,,,,,,,,
2018-03-09 00:00:00,,,,,,,,,,
2018-03-10 00:00:00,,,,,,,,,,
2018-03-11 00:00:00,,,,,,,,,,
2018-03-12 00:00:00,,,,,,,,,,
2018-03-13 00:00:00,,,,,,,,,,
2018-03-14 00:00:00,,,,,,,,,,
2018-03-15 00:00:00,,,,,,,,,,
2018-03-16 00:00:00,,,,,,,,,,
2018-03-17 00:00:00,,,,,,,,,,
2018-03-18 00:00:00,,,,,,,,,,
2018-03-19 00:00:00,,,,,,,,,,
2018-03-20 00:00:00,,,,,,,,,,
2018-03-21 00:00:00,26.1,21,35,0,,,,,,
2018-03-22 00:00:00,,,,,,,,,,
2018-03-23 00:00:00,,,,,,,,,,
2018-03-24 00:00:00,,,,,,,,,,
2018-03-25 00:00:00,,,,,,,,,,
2018-03-26 00:00:00,,,,,,,,,,
2018-03-27 00:00:00,,,,,,,,,,
2018-03-28 00:00:00,,,,,,,,,,
2018-03-29 00:00:00,,,,,,,,,,
2018-03-30 00:00:00,,,,,,,,,,
2018-03-31 00:00:00,,,,,,,,,,
2018-04-01 00:00:00,,,,,,,,,,
2018-04-02 00:00:00,,,,,,,,,,
2018-04-03 00:00:00,,,,,,,,,,
2018-04-04 00:00:00,,,,,,,,,,
2018-04-05 00:00:00,,,,,,,,,,
2018-04-06 00:00:00,,,,,,,,,,
2018-04-07 00:00:00,27.9,19,36.6,5.1,,,,,,
2018-04-08 00:00:00,29.4,23,,0,,,,,,
2018-04-09 00:00:00,25.2,20.2,36.3,2,,,,,,
2018-04-10 00:00:00,28.4,21.4,,1,,,,,,
2018-04-11 00:00:00,26.6,23.6,35.5,0,,,,,,
2018-04-12 00:00:00,26.8,17.6,33.4,5.1,,,,,,
2018-04-13 00:00:00,25.8,18.2,,0,,,,,,
2018-04-14 00:00:00,,,,,,,,,,
2018-04-15 00:00:00,,,,,,,,,,
2018-04-16 00:00:00,,,,,,,,,,
2018-04-17 00:00:00,,,,,,,,,,
2018-04-18 00:00:00,,,,,,,,,,
2018-04-19 00:00:00,,,,,,,,,,
2018-04-20 00:00:00,,,,,,,,,,
2018-04-21 00:00:00,,,,,,,,,,
2018-04-22 00:00:00,,,,,,,,,,
2018-04-23 00:00:00,,,,,,,,,,
2018-04-24 00:00:00,,,,,,,,,,
2018-04-25 00:00:00,,,,,,,,,,
2018-04-26 00:00:00,,,,,,,,,,
2018-04-27 00:00:00,,,,,,,,,,
2018-04-28 00:00:00,,,,,,,,,,
2018-04-29 00:00:00,,,,,,,,,,
2018-04-30 00:00:00,33,25,40.4,1,,,,,,
2018-05-01 00:00:00,31.7,26.5,40,0,,,,,,
2018-05-02 00:00:00,,,,,,,,,,
2018-05-03 00:00:00,,,,,,,,,,
2018-05-04 00:00:00,30.2,22.6,,5.1,,,,,,
2018-05-05 00:00:00,32.3,25.6,,0,,,,,,
2018-05-06 00:00:00,,,,,,,,,,
2018-05-07 00:00:00,,,,,,,,,,
2018-05-08 00:00:00,29.1,,39.6,0,,,,,,
2018-05-09 00:00:00,28.3,22.4,,0,,,,,,
2018-05-10 00:00:00,30.9,21.5,,0.8,,,,,,
2018-05-11 00:00:00,33.6,24.2,,0,,,,,,
2018-05-12 00:00:00,,,,,,,,,,
2018-05-13 00:00:00,,,,,,,,,,
2018-05-14 00:00:00,,,,,,,,,,
2018-05-15 00:00:00,,,,,,,,,,
2018-05-16 00:00:00,34.2,25,,0.3,,,,,,
2018-05-17 00:00:00,34.3,26.1,,0,,,,,,
2018-05-18 00:00:00,33.2,26.7,41.8,0,,,,,,
2018-05-19 00:00:00,,,,,,,,,,
2018-05-20 00:00:00,,,,,,,,,,
2018-05-21 00:00:00,,,,,,,,,,
2018-05-22 00:00:00,,,,,,,,,,
2018-05-23 00:00:00,,,,,,,,,,
2018-05-24 00:00:00,,,,,,,,,,
2018-05-25 00:00:00,,,,,,,,,,
2018-05-26 00:00:00,,,,,,,,,,
2018-05-27 00:00:00,,,,,,,,,,
2018-05-28 00:00:00,,,,,,,,,,
2018-05-29 00:00:00,,,,,,,,,,
2018-05-30 00:00:00,,,,,,,,,,
2018-05-31 00:00:00,,,,,,,,,,
2018-06-01 00:00:00,,,,,,,,,,
2018-06-02 00:00:00,,,,,,,,,,
2018-06-03 00:00:00,,,,,,,,,,
2018-06-04 00:00:00,,,,,,,,,,
2018-06-05 00:00:00,,,,,,,,,,
2018-06-06 00:00:00,,,,,,,,,,
2018-06-07 00:00:00,,,,,,,,,,
2018-06-08 00:00:00,,,,,,,,,,
2018-06-09 00:00:00,,,,,,,,,,
2018-06-10 00:00:00,,,,,,,,,,
2018-06-11 00:00:00,,,,,,,,,,
2018-06-12 00:00:00,,,,,,,,,,
2018-06-13 00:00:00,,,,,,,,,,
2018-06-14 00:00:00,,,,,,,,,,
2018-06-15 00:00:00,,,,,,,,,,
2018-06-16 00:00:00,,,,,,,,,,
2018-06-17 00:00:00,,,,,,,,,,
2018-06-18 00:00:00,,,,,,,,,,
2018-06-19 00:00:00,,,,,,,,,,
2018-06-20 00:00:00,,,,,,,,,,
2018-06-21 00:00:00,36.2,30.9,41.9,0,,,,,,
2018-06-22 00:00:00,,,,,,,,,,
2018-06-23 00:00:00,,,,,,,,,,
2018-06-24 00:00:00,,,,,,,,,,
2018-06-25 00:00:00,,,,,,,,,,
2018-06-26 00:00:00,,,,,,,,,,
2018-06-27 00:00:00,30.3,26.2,37.5,3,,,,,,
2018-06-28 00:00:00,29.9,24.2,37.5,20.1,,,,,,
2018-06-29 00:00:00,30.7,27.9,35.2,1,,,,,,
2018-06-30 00:00:00,31.3,27.5,35.6,9.9,,,,,,
2018-07-01 00:00:00,32.6,29,,0,,,,,,
2018-07-02 00:00:00,,,,,,,,,,
2018-07-03 00:00:00,,,,,,,,,,
2018-07-04 00:00:00,31.7,,36.7,5.1,,,,,,
2018-07-05 00:00:00,31.6,,,0,,,,,,
2018-07-06 00:00:00,,,,,,,,,,
2018-07-07 00:00:00,,,,,,,,,,
2018-07-08 00:00:00,,,,,,,,,,
2018-07-09 00:00:00,,,,,,,,,,
2018-07-10 00:00:00,,,,,,,,,,
2018-07-11 00:00:00,,,,,,,,,,
2018-07-12 00:00:00,32.4,28.6,36.7,0,,,,,,
2018-07-13 00:00:00,,,,,,,,,,
2018-07-14 00:00:00,,,,,,,,,,
2018-07-15 00:00:00,,,,,,,,,,
2018-07-16 00:00:00,,,,,,,,,,
2018-07-17 00:00:00,,,,,,,,,,
2018-07-18 00:00:00,,,,,,,,,,
2018-07-19 00:00:00,,,,,,,,,,
2018-07-20 00:00:00,29.2,,37.8,23.9,,,,,,
2018-07-21 00:00:00,29.8,27.4,33.4,,,,2.8,,997,
2018-07-22 00:00:00,29,26,34.4,18,,,3.4,,997.7,
2018-07-23 00:00:00,30.1,27.4,34.6,,,,4.2,,997.3,
2018-07-24 00:00:00,31.4,28.6,36.4,,,,3.4,,997.7,
2018-07-25 00:00:00,29.9,28.6,31.8,,,,3.8,,997.4,
2018-07-26 00:00:00,26.9,26.2,32.2,5.1,,,4.2,,997.8,
2018-07-27 00:00:00,26.7,25.2,28.7,46,,,3.5,,997,
2018-07-28 00:00:00,28.2,25.4,31.8,3,,,5.9,,997.3,
2018-07-29 00:00:00,30.3,26,34.4,5.1,,,5.9,,997.7,
2018-07-30 00:00:00,30.9,23,34.8,24.9,,,7.1,,997.4,
2018-07-31 00:00:00,30,27.4,34.5,0,,,7.5,,996.7,
2018-08-01 00:00:00,31.5,26,35,0.5,,,7,,996.9,
2018-08-02 00:00:00,32.1,28.2,35.6,0,,,8.6,,998.4,
2018-08-03 00:00:00,31.6,29.2,34.8,,,,10.4,,998.8,
2018-08-04 00:00:00,31.8,29,35.4,,,,9.1,,998.4,
2018-08-05 00:00:00,30.6,28.2,32.8,,,,10.9,,998.5,
2018-08-06 00:00:00,28.1,26.6,33.2,3,,,4,,999,
2018-08-07 00:00:00,28.2,26.4,31.8,2,,,3.2,,999,
2018-08-08 00:00:00,30.4,26.5,33.4,4.1,,,4.6,,999.6,
2018-08-09 00:00:00,32,27.6,35.4,0.5,,,4.7,,1001.4,
2018-08-10 00:00:00,30.7,28.3,36.5,0,,,2.9,,1000.8,
2018-08-11 00:00:00,32.1,27.6,35.8,45,,,7.4,,997.9,
2018-08-12 00:00:00,30.4,26.8,35.3,1,,,5.9,,995.8,
2018-08-13 00:00:00,30.4,27.6,33.2,7.9,,,3.6,,996.5,
2018-08-14 00:00:00,30.8,27.4,34.4,0.5,,,3.9,,997.5,
2018-08-15 00:00:00,31.1,28.4,35.3,8.9,,,4.6,,999.2,
2018-08-16 00:00:00,30.6,27.6,35.6,0,,,4.1,,1000.8,
2018-08-17 00:00:00,31.5,27.9,35.6,3,,,5.5,,998.9,
2018-08-18 00:00:00,30.4,28.2,36.2,0,,,3.2,,998.2,
2018-08-19 00:00:00,28.5,26.6,36.3,5.1,,,2.5,,998.2,
2018-08-20 00:00:00,30,25.9,33.6,40.9,,,2.9,,999.3,
2018-08-21 00:00:00,31.7,26.2,36.4,0,,,4.4,,999.4,
2018-08-22 00:00:00,30.8,28.8,35.6,,,,3.1,,998.9,
2018-08-23 00:00:00,29.5,27.6,31.6,,,,5.4,,999.6,
2018-08-24 00:00:00,29.5,27.7,34,,,,8.6,,999.4,
2018-08-25 00:00:00,29.8,27.8,32.6,,,,8.8,,998.5,
2018-08-26 00:00:00,30.3,27.6,34.2,,,,7,,998.1,
2018-08-27 00:00:00,29.6,26.5,34.9,2,,,3.6,,999.5,
2018-08-28 00:00:00,28.4,26,32.7,50,,,3.8,,1000.8,
2018-08-29 00:00:00,28.7,26.3,31.7,11.9,,,2.9,,1002,
2018-08-30 00:00:00,30.9,26.3,34.4,16,,,3.8,,1000.1,
2018-08-31 00:00:00,30.9,28,35.1,0,,,5.5,,999.8,
2018-09-01 00:00:00,27.1,23.5,34,24.9,,,4.7,,1002,
2018-09-02 00:00:00,26.7,25,29.4,24.9,,,3.9,,1002.2,
2018-09-03 00:00:00,26.7,25.6,29.9,36.1,,,2.3,,1002.2,
2018-09-04 00:00:00,27,25.1,30.3,41.9,,,2.7,,1002.7,
2018-09-05 00:00:00,28.1,23.8,31.1,9.9,,,5.3,,1002.2,
2018-09-06 00:00:00,30.2,25.2,35.6,2,,,5.6,,1001.5,
2018-09-07 00:00:00,28.3,24.6,34.6,20.1,,,3,,1003.1,
2018-09-08 00:00:00,28.4,25.5,34.1,2,,,6.9,,1003.6,
2018-09-09 00:00:00,28.6,25,33.6,6.1,,,7.7,,1004.7,
2018-09-10 00:00:00,28.7,24.8,32.7,0,,,3.7,,1006.4,
2018-09-11 00:00:00,29.6,26.8,33.8,,,,7.4,,1005.9,
2018-09-12 00:00:00,30.4,27.4,34.4,,,,11.4,,1003.2,
2018-09-13 00:00:00,30.5,27,34.2,,,,11.7,,1002.9,
2018-09-14 00:00:00,30.2,26.4,34.4,,,,8.7,,1005.1,
2018-09-15 00:00:00,30,26.4,34.1,,,,7.5,,1006.9,
2018-09-16 00:00:00,29.8,26.3,34.3,,,,6.9,,1006.1,
2018-09-17 00:00:00,29.7,26,34,,,,5.5,,1004.9,
2018-09-18 00:00:00,29.8,25.7,34.8,,,,6.5,,1004.8,
2018-09-19 00:00:00,29.8,24.6,35.9,,,,5.8,,1004.6,
2018-09-20 00:00:00,29.9,25,35.4,,,,3.2,,1004.7,
2018-09-21 00:00:00,29,24.2,33,,,,7,,1007.1,
2018-09-22 00:00:00,25.8,22.2,34,26.9,,,10.6,,1008,
2018-09-23 00:00:00,27.3,25,30.2,2,,,13.4,,1007.6,
2018-09-24 00:00:00,24.8,23.6,31.2,16,,,12,,1006,
2018-09-25 00:00:00,24.2,22,27.8,13,,,7.6,,1006.8,
2018-09-26 00:00:00,27.1,22,32.2,0.3,,,5.7,,1006.8,
2018-09-27 00:00:00,28,22.6,33.3,0,,,3.9,,1007.4,
2018-09-28 00:00:00,28.7,24,35.4,,,,3.1,,1008.4,
2018-09-29 00:00:00,28.8,24,34.8,,,,3.4,,1009.1,
2018-09-30 00:00:00,28.6,24.6,33.8,,,,5.9,,1008.5,
2018-10-01 00:00:00,28.4,23,34.8,,,,4.2,,1008.3,
2018-10-02 00:00:00,28.5,23.2,35.2,,,,2.9,,1009,
2018-10-03 00:00:00,28.7,22.6,35.4,,,,1.8,,1008.5,
2018-10-04 00:00:00,28.6,24,35,,,,2.5,,1009.8,
2018-10-05 00:00:00,28,23,34.6,,,,1.9,,1011,
2018-10-06 00:00:00,27.3,21.6,34.4,,,,3.4,,1010.8,
2018-10-07 00:00:00,26.7,21,33.4,,,,2.7,,1010.3,
2018-10-08 00:00:00,27,21.2,34.8,,,,2.5,,1008.9,
2018-10-09 00:00:00,27.6,22.2,34.6,,,,2.9,,1007.6,
2018-10-10 00:00:00,27.9,23.1,34.2,,,,3.6,,1008.1,
2018-10-11 00:00:00,26.7,22.2,31.9,,,,6.2,,1009.9,
2018-10-12 00:00:00,25.5,18.2,32,,,,2.4,,1011.9,
2018-10-13 00:00:00,24.2,17.6,31,,,,2,,1012.5,
2018-10-14 00:00:00,24.1,18,31.8,,,,5.4,,1011.9,
2018-10-15 00:00:00,24.7,17.8,32.4,,,,3.2,,1012,
2018-10-16 00:00:00,25.5,19.5,34.2,,,,1.9,,1011.4,
2018-10-17 00:00:00,26.1,20.4,34.4,,,,1.9,,1010,
2018-10-18 00:00:00,25.6,19.2,33.2,,,,2,,1009.5,
2018-10-19 00:00:00,25,19,34,,,,1.7,,1011.3,
2018-10-20 00:00:00,24.7,18,33,,,,1.5,,1013.5,
2018-10-21 00:00:00,23.7,18.4,31,,,,2.7,,1014.6,
2018-10-22 00:00:00,23,16.2,31,,,,5.6,,1013.6,
2018-10-23 00:00:00,23,16.6,32,,,,2.2,,1013.2,
2018-10-24 00:00:00,23.6,16.9,32.2,,,,1.4,,1013.3,
2018-10-25 00:00:00,23.3,16,32,,,,1.5,,1014.6,
2018-10-26 00:00:00,22.8,16.8,30,,,,0.7,,1016.4,
2018-10-27 00:00:00,22.8,16.8,30.2,,,,1.8,,1016.7,
2018-10-28 00:00:00,22.9,17,32,,,,3.2,,1016.4,
2018-10-29 00:00:00,22.6,16.4,31,,,,2.4,,1015.6,
2018-10-30 00:00:00,22.7,16.7,31,,,,1,,1015.3,
2018-10-31 00:00:00,22.6,16.8,31,,,,1.7,,1015.7,
2018-11-01 00:00:00,22.7,17,31,,,,2.6,,1014.7,
2018-11-02 00:00:00,23,17,31.2,,,,3.5,,1013.1,
2018-11-03 00:00:00,25.2,18.5,31.6,0.3,,,7,,1012,
2018-11-04 00:00:00,24.4,18,30.6,0,,,7.8,,1013.5,
2018-11-05 00:00:00,19.9,15.6,25.6,,,,6.1,,1014.4,
2018-11-06 00:00:00,20.3,15.3,28,,,,8.8,,1014.8,
2018-11-07 00:00:00,19.1,13,27,,,,5.8,,1015.5,
2018-11-08 00:00:00,17.9,11.6,26.4,,,,1,,1015.6,
2018-11-09 00:00:00,18.9,12,29,,,,5.4,,1013.8,
2018-11-10 00:00:00,19.5,13,28.2,,,,4.9,,1014.5,
2018-11-11 00:00:00,20.4,13,30,,,,1.6,,1014.8,
2018-11-12 00:00:00,20.8,14,29.6,,,,1.1,,1013,
2018-11-13 00:00:00,20.8,16,29.2,,,,2.5,,1010.5,
2018-11-14 00:00:00,22.2,17.6,29.4,7.1,,,4.6,,1011.3,
2018-11-15 00:00:00,22.2,16.2,28.5,1,,,3.8,,1014.7,
2018-11-16 00:00:00,21.1,14.5,27.5,0,,,10.3,,1014.1,
2018-11-17 00:00:00,19.1,14,26,,,,5.4,,1012.5,
2018-11-18 00:00:00,19.6,12.4,28.4,,,,2,,1013.3,
2018-11-19 00:00:00,20.9,15.4,28,,,,3.5,,1015.5,
2018-11-20 00:00:00,20.6,15,28.2,,,,1.6,,1016,
2018-11-21 00:00:00,19.5,14.4,28,,,,2.8,,1016.4,
2018-11-22 00:00:00,18.9,12,28,,,,1.4,,1017.2,
2018-11-23 00:00:00,19.3,12.6,28,,,,5.2,,1018.7,
2018-11-24 00:00:00,19.3,14,27,,,,8.4,,1017.1,
2018-11-25 00:00:00,18.3,11.8,27,,,,1.8,,1016.8,
2018-11-26 00:00:00,18.1,11.8,26.6,,,,0.8,,1016,
2018-11-27 00:00:00,19,12,28.2,,,,0.8,,1017.5,
2018-11-28 00:00:00,19.4,14.3,28,,,,0.6,,1018.3,
2018-11-29 00:00:00,18.4,13.6,26,,,,1.9,,1018.7,
2018-11-30 00:00:00,17.8,11.8,26,,,,2.4,,1018.2,
2018-12-01 00:00:00,17.4,12,25.4,,,,2.9,,1015.6,
2018-12-02 00:00:00,17.3,10,28,,,,1.7,,1014.8,
2018-12-03 00:00:00,16.9,10,27,,,,2.4,,1015.7,
2018-12-04 00:00:00,16.1,10,25.6,,,,1.2,,1017.6,
2018-12-05 00:00:00,16.3,10,25,,,,0.7,,1015.3,
2018-12-06 00:00:00,16.1,10,25,,,,1.3,,1014.4,
2018-12-07 00:00:00,15.8,10,24,,,,3.1,,1015.4,
2018-12-08 00:00:00,15.1,9,24.2,,,,1.9,,1016.3,
2018-12-09 00:00:00,15.7,9.6,25,,,,1.2,,1015.3,
2018-12-10 00:00:00,15.8,9,24,,,,1.8,,1014.7,
2018-12-11 00:00:00,15.3,10,22,,,,2,,1015.9,
2018-12-12 00:00:00,17.2,12.6,22.3,0.5,,,2.5,,1017.2,
2018-12-13 00:00:00,16.4,11.2,21.6,1,,,2.7,,1020.3,
2018-12-14 00:00:00,15.7,8,21.4,0,,,4.9,,1022.4,
2018-12-15 00:00:00,14.1,9.4,22,,,,4.6,,1022.2,
2018-12-16 00:00:00,14,8,23,,,,3,,1022.3,
2018-12-17 00:00:00,13.1,7,22,,,,2.6,,1020.9,
2018-12-18 00:00:00,13.2,6,22,,,,5.9,,1019.2,
2018-12-19 00:00:00,13.3,6.4,22,,,,4.3,,1018.3,
2018-12-20 00:00:00,12.4,5,22.2,,,,1.7,,1018.8,
2018-12-21 00:00:00,12,5.8,20.8,,,,3.5,,1017.6,
2018-12-22 00:00:00,11.7,5,21.6,,,,1.4,,1017.9,
2018-12-23 00:00:00,11.9,5.6,21,,,,1.3,,1018.6,
2018-12-24 00:00:00,12.1,6.4,21,,,,1.6,,1017.8,
2018-12-25 00:00:00,11.8,6.2,19.4,,,,5.3,,1017.1,
2018-12-26 00:00:00,11.2,5,20.6,,,,3.4,,1015.9,
2018-12-27 00:00:00,11.1,4.6,21.4,,,,3.1,,1017.1,
2018-12-28 00:00:00,11.2,6.2,18.4,,,,7.5,,1017.6,
2018-12-29 00:00:00,11.2,4.2,19.6,,,,5.6,,1019.4,
2018-12-30 00:00:00,11.6,4.6,22.4,,,,2.3,,1021.4,
2018-12-31 00:00:00,12.2,5.2,22,,,,4.1,,1021.5,
2019-01-01 00:00:00,12.6,5.4,22.6,,,,2.4,,1020.3,
2019-01-02 00:00:00,13.7,7.4,23,,,,1.8,,1020.2,
2019-01-03 00:00:00,13.3,7.8,20.2,,,,5.4,,1021.3,
2019-01-04 00:00:00,12.8,8.2,18.9,,,,4.6,,1020.3,
2019-01-05 00:00:00,13.2,7,21,,,,5.3,,1018.8,
2019-01-06 00:00:00,13.9,8.6,21.2,2,,,4.6,,1018,
2019-01-07 00:00:00,13,9.6,20,,,,4.7,,1019.9,
2019-01-08 00:00:00,12.8,8.6,19,,,,6.5,,1018.4,
2019-01-09 00:00:00,13.1,9.1,20.4,,,,8.2,,1017.3,
2019-01-10 00:00:00,12.7,4.8,20.6,,,,4.2,,1017.3,
2019-01-11 00:00:00,12.8,6.2,21.6,,,,1.7,,1018.6,
2019-01-12 00:00:00,13.3,8.2,21.4,,,,1.8,,1017.9,
2019-01-13 00:00:00,14.5,9,22.6,,,,3.2,,1019.4,
2019-01-14 00:00:00,13.7,9.4,19,,,,10.6,,1019.8,
2019-01-15 00:00:00,12.3,7.6,19,,,,8.9,,1018.7,
2019-01-16 00:00:00,12,5.8,19.6,,,,1.9,,1018.5,
2019-01-17 00:00:00,12.8,5.8,22,,,,2.1,,1017.5,
2019-01-18 00:00:00,12.8,6.6,21.4,,,,4.4,,1017.5,
2019-01-19 00:00:00,14.3,7.4,25.4,,,,2.8,,1017.3,
2019-01-20 00:00:00,16.4,8.8,28.2,,,,2,,1016.3,
2019-01-21 00:00:00,16.4,11.5,28.7,3,,,9.7,,1013.6,
2019-01-22 00:00:00,14.5,13.6,22.6,15,,,8.5,,1014.1,
2019-01-23 00:00:00,13.8,8,19.4,27.9,,,2.8,,1017.5,
2019-01-24 00:00:00,14.8,9.7,21,0,,,3.6,,1019.9,
2019-01-25 00:00:00,13.4,11,22,6.1,,,5.4,,1019.6,
2019-01-26 00:00:00,12.2,6,19,0,,,6.5,,1022.5,
2019-01-27 00:00:00,11.5,6.4,19,,,,11.5,,1022.8,
2019-01-28 00:00:00,12.1,6,19,,,,8.5,,1022.5,
2019-01-29 00:00:00,12.4,7,20,,,,5.9,,1020.9,
2019-01-30 00:00:00,12.7,6.8,20.4,,,,4.5,,1019.5,
2019-01-31 00:00:00,14.2,9.4,21,,,,6.6,,1018.1,
2019-02-01 00:00:00,16.3,11,22,0,,,5.7,,1018.4,
2019-02-02 00:00:00,12.9,8.2,22.5,0,,,8.8,,1018.8,
2019-02-03 00:00:00,13.4,9.7,20,,,,7.6,,1019.9,
2019-02-04 00:00:00,14.3,9,23,,,,3.6,,1020.4,
2019-02-05 00:00:00,16.4,10,25,,,,2.4,,1017.8,
2019-02-06 00:00:00,19.5,12,25,0.8,,,5.7,,1012.6,
2019-02-07 00:00:00,16.5,13.6,25.1,0,,,17.1,,1010.7,
2019-02-08 00:00:00,14.9,7,20.4,5.1,,,7.6,,1016.3,
2019-02-09 00:00:00,14.8,8.4,20.6,0,,,8.9,,1019,
2019-02-10 00:00:00,13.5,7.4,21,,,,6.5,,1020.2,
2019-02-11 00:00:00,14.7,9,22,,,,4.4,,1020.6,
2019-02-12 00:00:00,16.2,10.6,23.2,,,,1.7,,1020.7,
2019-02-13 00:00:00,17.5,11.9,25,,,,3,,1019.8,
2019-02-14 00:00:00,17.7,13.9,25.3,1,,,7.3,,1015.4,
2019-02-15 00:00:00,17.6,11.8,23,9.9,,,7,,1015.5,
2019-02-16 00:00:00,16,13.3,22,0,,,6.8,,1017.4,
2019-02-17 00:00:00,15.8,11.8,21,,,,7.9,,1014.5,
2019-02-18 00:00:00,17.6,12,25.2,,,,6.6,,1009.8,
2019-02-19 00:00:00,18.7,12,25.8,2,,,4.2,,1012.4,
2019-02-20 00:00:00,18.3,14.5,24.5,2,,,4.6,,1017.3,
2019-02-21 00:00:00,21.6,13.2,28,0.8,,,7.5,,1016.2,
2019-02-22 00:00:00,19.1,15.4,28.1,0,,,12.2,,1016.8,
2019-02-23 00:00:00,16.9,12.6,22.4,,,,15.3,,1015.5,
2019-02-24 00:00:00,17,12.6,23.6,,,,8,,1012.3,
2019-02-25 00:00:00,16.7,10.4,23.6,,,,3.6,,1011.2,
2019-02-26 00:00:00,16,11.2,21.2,,,,6.4,,1011.3,
2019-02-27 00:00:00,14.8,11,19,,,,5.6,,1011.5,
2019-02-28 00:00:00,14.5,8.6,21,,,,7.2,,1015.3,
2019-03-01 00:00:00,15.6,8,23.4,,,,5.3,,1016,
2019-03-02 00:00:00,15.2,12.6,24.1,0.5,,,4.7,,1016,
2019-03-03 00:00:00,17.1,12.8,22.4,9.9,,,5.7,,1012.9,
2019-03-04 00:00:00,19.1,11.2,24,0.3,,,5.5,,1009.7,
2019-03-05 00:00:00,18.4,12,23.9,0,,,7.2,,1010.8,
2019-03-06 00:00:00,17.4,12,24,,,,6.9,,1012,
2019-03-07 00:00:00,18.1,10,26,,,,4.5,,1012.3,
2019-03-08 00:00:00,19,12.8,26,,,,4.4,,1013.8,
2019-03-09 00:00:00,20.6,12.6,26.5,0,,,6.3,,1013.8,
2019-03-10 00:00:00,19.2,11,27,,,,5.4,,1014.1,
2019-03-11 00:00:00,20.9,13.8,28,,,,9.2,,1013.5,
2019-03-12 00:00:00,21,15,27,,,,4.7,,1015.4,
2019-03-13 00:00:00,19.9,15.6,25,,,,4.2,,1015.9,
2019-03-14 00:00:00,18.3,13,24,,,,6.1,,1016.8,
2019-03-15 00:00:00,18.9,12,26,,,,6.1,,1018.2,
2019-03-16 00:00:00,19.5,13.8,26,,,,5.8,,1016.7,
2019-03-17 00:00:00,20.8,14.8,28,,,,5.9,,1014.6,
2019-03-18 00:00:00,20.7,13.4,28.2,,,,4,,1014.2,
2019-03-19 00:00:00,22.5,14.4,31,,,,3.1,,1010.4,
2019-03-20 00:00:00,24.9,17,34,,,,5.8,,1008.7,
2019-03-21 00:00:00,24.5,18.4,32,,,,4.2,,1011.8,
2019-03-22 00:00:00,23.5,17,30,,,,9.3,,1014.1,
2019-03-23 00:00:00,23.5,17.4,30,,,,11,,1013.3,
2019-03-24 00:00:00,24.3,16.8,31.8,,,,7.8,,1011.7,
2019-03-25 00:00:00,23.7,18.8,30.2,,,,7.2,,1011.8,
2019-03-26 00:00:00,23.3,17,30,,,,8.5,,1013.3,
2019-03-27 00:00:00,24.2,16.4,31.4,,,,7.8,,1013.7,
2019-03-28 00:00:00,26.1,17,35,,,,3,,1011.7,
2019-03-29 00:00:00,27.9,20,36.6,,,,4.1,,1008.5,
2019-03-30 00:00:00,29.4,21.6,39,,,,5.6,,1007.5,
2019-03-31 00:00:00,28.8,21,39.2,0.3,,,10.9,,1008.2,
2019-04-01 00:00:00,27.7,17.6,34.3,0,,,10.3,,1008.7,
2019-04-02 00:00:00,26.6,17,35,,,,4.6,,1009.4,
2019-04-03 00:00:00,27.7,19.2,36,,,,5.8,,1008.4,
2019-04-04 00:00:00,28.8,20.2,38,,,,4.4,,1008.6,
2019-04-05 00:00:00,29.6,21,39,,,,5,,1007.3,
2019-04-06 00:00:00,33.6,22.4,39.3,0,,,7,,1007,
2019-04-07 00:00:00,30.8,24,37.8,6.1,,,9.4,,1006,
2019-04-08 00:00:00,27.9,21.8,36,,,,7.6,,1006.7,
2019-04-09 00:00:00,29.1,22,36.6,,,,5,,1006.6,
2019-04-10 00:00:00,30.5,22.2,39,,,,5.2,,1007.5,
2019-04-11 00:00:00,31.1,24.4,39,,,,5.2,,1007.2,
2019-04-12 00:00:00,30.6,23.2,38.7,0.5,,,6.8,,1007.7,
2019-04-13 00:00:00,31.4,21.6,38,0.3,,,9.4,,1008.2,
2019-04-14 00:00:00,32.2,21.8,38,0,,,7.9,,1008.2,
2019-04-15 00:00:00,32.4,25.8,40,,,,7.3,,1006.2,
2019-04-16 00:00:00,26,20.5,40,1,,,10.5,,1009.1,
2019-04-17 00:00:00,24.3,19,30.7,1,,,11.7,,1010.8,
2019-04-18 00:00:00,25.8,17.1,31,0.5,,,6.6,,1011.6,
2019-04-19 00:00:00,27.5,18.2,32,0,,,6.4,,1009.4,
2019-04-20 00:00:00,27.6,20.9,35,,,,3.9,,1006.8,
2019-04-21 00:00:00,29.3,21.6,37.2,,,,5.7,,1005,
2019-04-22 00:00:00,30.6,23.4,38,,,,4.5,,1004.8,
2019-04-23 00:00:00,32.1,23.8,40,,,,5,,1005.5,
2019-04-24 00:00:00,34.1,26.6,41.4,,,,8.4,,1006.5,
2019-04-25 00:00:00,33.8,28,42,,,,7.9,,1006.4,
2019-04-26 00:00:00,32.9,25.4,40,,,,6.7,,1006,
2019-04-27 00:00:00,33.7,26.7,41,,,,10.2,,1005.3,
2019-04-28 00:00:00,33.7,27.2,41,,,,9.3,,1004.2,
2019-04-29 00:00:00,33.7,24.8,42,,,,6.1,,1003.3,
2019-04-30 00:00:00,34.4,24,43.2,,,,5.8,,1000.7,
2019-05-01 00:00:00,33.3,25.4,41,,,,5.3,,1000,
2019-05-02 00:00:00,32.5,27,40,,,,10.1,,1001.8,
2019-05-03 00:00:00,32.6,24,41,0,,,8.4,,1004.1,
2019-05-04 00:00:00,32.1,22.4,39.5,4.1,,,8.2,,1005.9,
2019-05-05 00:00:00,32.6,19.8,39.2,0,,,9,,1006.4,
2019-05-06 00:00:00,32.4,23.8,41,,,,7.3,,1003.8,
2019-05-07 00:00:00,32.3,23,41,,,,7.9,,1002.3,
2019-05-08 00:00:00,33.6,25.2,41.6,,,,8.9,,1002.3,
2019-05-09 00:00:00,34.6,28.2,42,,,,12.4,,1001.2,
2019-05-10 00:00:00,34.5,29.4,41,,,,10.6,,1002.1,
2019-05-11 00:00:00,33.9,24.4,41.2,0,,,7.8,,1004.8,
2019-05-12 00:00:00,32.4,27,38.4,,,,9.5,,1004.7,
2019-05-13 00:00:00,32.1,25.6,40,,,,7.2,,1003.3,
2019-05-14 00:00:00,30.8,20.8,40.2,3,,,6.1,,1004.2,
2019-05-15 00:00:00,29.4,23,35,0,,,7.4,,1005.7,
2019-05-16 00:00:00,30.6,23.4,36.4,2,,,7.2,,1006.4,
2019-05-17 00:00:00,29.6,21.6,37,0,,,6.9,,1005.8,
2019-05-18 00:00:00,28.7,19.5,37.4,10.9,,,8,,1006.2,
2019-05-19 00:00:00,31.9,23.2,37,0,,,8.2,,1006.4,
2019-05-20 00:00:00,32.4,24.6,40,,,,7.4,,1006.5,
2019-05-21 00:00:00,33.8,26.4,41,,,,7.1,,1005.1,
2019-05-22 00:00:00,32.9,27.2,38.8,,,,6.9,,1003.7,
2019-05-23 00:00:00,32.6,25,40,,,,6.8,,1002.9,
2019-05-24 00:00:00,29.7,25,33,,,,10.4,,1004.9,
2019-05-25 00:00:00,31.2,25.5,37,,,,10.3,,1004,
2019-05-26 00:00:00,32.2,24.4,39.2,,,,7.6,,1002.4,
2019-05-27 00:00:00,34,26,42,,,,7.6,,1001.7,
2019-05-28 00:00:00,33.9,23.8,42,,,,8.6,,1001.5,
2019-05-29 00:00:00,35,25.6,43,,,,7.8,,1000.3,
2019-05-30 00:00:00,36.1,28,45,,,,6.2,,998.8,
2019-05-31 00:00:00,36.5,28.6,45,,,,5.7,,998.8,
2019-06-01 00:00:00,36.2,28.8,43,,,,6.3,,998.9,
2019-06-02 00:00:00,36.2,30.9,42,,,,9,,999.1,
2019-06-03 00:00:00,35.3,30.6,41,,,,12.3,,999.5,
2019-06-04 00:00:00,35.2,29.8,41,,,,9.3,,999.9,
2019-06-05 00:00:00,36.2,30.4,42.2,,,,6.7,,999.4,
2019-06-06 00:00:00,36.4,29.8,44,,,,5.7,,999.7,
2019-06-07 00:00:00,34,27.2,40,,,,6.9,,1002.6,
2019-06-08 00:00:00,35.9,29,42.6,,,,5.1,,1001.2,
2019-06-09 00:00:00,36.1,28.2,43.4,,,,4.7,,998.6,
2019-06-10 00:00:00,37.3,28.4,45,,,,4.8,,995.8,
2019-06-11 00:00:00,37.5,31.4,44.4,,,,8.7,,995.8,
2019-06-12 00:00:00,35.4,30,41,,,,9.7,,998.4,
2019-06-13 00:00:00,35.5,29.3,41,,,,8.1,,999.1,
2019-06-14 00:00:00,36.5,30.6,43,,,,11.1,,997.7,
2019-06-15 00:00:00,36.4,28.8,43,,,,11.2,,997.4,
2019-06-16 00:00:00,31.5,28.4,43.4,0,,,16.7,,999.6,
2019-06-17 00:00:00,30.3,25.6,36.3,0.5,,,14.7,,999.4,
2019-06-18 00:00:00,28.5,20.6,35,10.9,,,11.1,,1000.6,
2019-06-19 00:00:00,32.2,24.2,37,0,,,5.6,,1000,
2019-06-20 00:00:00,32.4,26.2,38.2,,,,5.5,,1000.8,
2019-06-21 00:00:00,33.8,28.8,39,,,,4.6,,1000.8,
2019-06-22 00:00:00,35.6,27.2,40,0,,,4.9,,1000.2,
2019-06-23 00:00:00,34.7,29.6,40.2,,,,9.7,,1000.3,
2019-06-24 00:00:00,31.7,28.4,35,,,,9.7,,1002.4,
2019-06-25 00:00:00,32.9,28.8,39,,,,4.7,,1001.6,
2019-06-26 00:00:00,35,30.3,41,,,,5.7,,998.9,
2019-06-27 00:00:00,34.6,29.6,39,,,,7,,996.7,
2019-06-28 00:00:00,34.9,28.4,41.2,,,,8.2,,995.6,
2019-06-29 00:00:00,36.9,31.2,42,,,,8.4,,994.9,
2019-06-30 00:00:00,36.7,32.3,42,,,,9.8,,995.3,
2019-07-01 00:00:00,35.8,31.5,41,,,,6.9,,996.5,
2019-07-02 00:00:00,35.1,31,39.9,,,,6.2,,997.4,
2019-07-03 00:00:00,34.6,30.6,38.4,,,,8.1,,997.6,
2019-07-04 00:00:00,30.9,28.6,39.4,0,,,7.4,,996.8,
2019-07-05 00:00:00,28.8,26.9,38.6,1,,,5.4,,995.1,
2019-07-06 00:00:00,33.4,26.5,37,24.9,,,5.7,,994.2,
2019-07-07 00:00:00,32.1,27.6,37,0,,,4.9,,995.1,
2019-07-08 00:00:00,33.7,28.6,36,0,,,5.7,,995.5,
2019-07-09 00:00:00,31.2,29.6,34,,,,7.9,,995.3,
2019-07-10 00:00:00,32.9,28.6,37,,,,8.6,,994.5,
2019-07-11 00:00:00,34.5,30.7,39,,,,12,,994.6,
2019-07-12 00:00:00,34.2,30.8,38,,,,9.7,,997,
2019-07-13 00:00:00,34.7,31.1,39.4,,,,13,,997.7,
2019-07-14 00:00:00,33.6,30.3,37,,,,11.1,,996.8,
2019-07-15 00:00:00,29.3,24,34,,,,8.4,,996.7,
2019-07-16 00:00:00,28.5,25.6,33,,,,8.4,,1000,
2019-07-17 00:00:00,27,24,33.4,22.1,,,5.4,,1001.2,
2019-07-18 00:00:00,27,23.5,31.7,11.9,,,4.2,,1001.1,
2019-07-19 00:00:00,31.9,25,36,4.1,,,3.8,,1000.9,
2019-07-20 00:00:00,30.7,26,36.2,0,,,5.1,,1001.7,
2019-07-21 00:00:00,30.6,25.6,36.7,8.9,,,5.4,,1001.1,
2019-07-22 00:00:00,31.3,24.6,36.5,50,,,4.4,,1000,
2019-07-23 00:00:00,34.2,28.2,37,4.1,,,4.4,,998.6,
2019-07-24 00:00:00,33.3,27.8,38,0,,,6.6,,997.1,
2019-07-25 00:00:00,28.7,25,37.8,21.1,,,7,,999.2,
2019-07-26 00:00:00,28.6,26.2,32,0.5,,,6.1,,997.6,
2019-07-27 00:00:00,28.7,25.4,32.5,10.9,,,8,,997.3,
2019-07-28 00:00:00,30.1,25.8,34,3,,,9.7,,999.1,
2019-07-29 00:00:00,31.9,27.9,36,6.1,,,9,,1000.5,
2019-07-30 00:00:00,31.5,27.4,36.1,0,,,7.1,,1000.3,
2019-07-31 00:00:00,31.9,27.8,35.1,0,,,6.4,,999.1,
2019-08-01 00:00:00,32,28.8,36.4,,,,6.8,,998.9,
2019-08-02 00:00:00,30.4,29,35,,,,5.5,,998.2,
2019-08-03 00:00:00,29.5,28.4,32.6,,,,5.4,,998.2,
2019-08-04 00:00:00,30.4,28,35.4,,,,3.6,,996.9,
2019-08-05 00:00:00,31.1,28.4,37.2,,,,3.3,,995.2,
2019-08-06 00:00:00,27.2,24,37.4,11.9,,,4.4,,995.7,
2019-08-07 00:00:00,30.9,25.6,34,22.1,,,5.8,,995.7,
2019-08-08 00:00:00,33.5,27.5,38,0,,,6.5,,995.2,
2019-08-09 00:00:00,31.2,29.6,34,,,,13.4,,997.2,
2019-08-10 00:00:00,30.7,28.2,34,,,,12.8,,998,
2019-08-11 00:00:00,32.9,27.6,36,0,,,6.8,,999.4,
2019-08-12 00:00:00,31.1,28,36.2,0.3,,,5.5,,999.6,
2019-08-13 00:00:00,30.4,27.8,35,2,,,7,,1000.1,
2019-08-14 00:00:00,30.5,25.6,35.5,10.9,,,3.2,,1001.1,
2019-08-15 00:00:00,30.6,24.8,34.6,10.9,,,8,,1001.1,
2019-08-16 00:00:00,29.9,26.6,34.8,0,,,10.9,,999.3,
2019-08-17 00:00:00,26.9,25.2,32.5,7.1,,,11.2,,998.9,
2019-08-18 00:00:00,27.3,24.8,29.6,46,,,7.6,,1002.2,
2019-08-19 00:00:00,30.7,23.6,34,2,,,4,,1004.4,
2019-08-20 00:00:00,31.4,25.6,35,0,,,5.8,,1003.7,
2019-08-21 00:00:00,32,24.8,36,0,,,5.3,,1002.2,
2019-08-22 00:00:00,30.1,27,34.4,,,,4,,1002.6,
2019-08-23 00:00:00,31,27,36,,,,4.8,,1002.3,
2019-08-24 00:00:00,30.3,28.2,33,,,,4.1,,1002.5,
2019-08-25 00:00:00,29.3,26.8,33.8,0.3,,,5.6,,1003.2,
2019-08-26 00:00:00,31.9,25.7,35,3,,,6.4,,1002.8,
2019-08-27 00:00:00,32.9,27.4,36.4,0,,,4.9,,1001.7,
2019-08-28 00:00:00,32.9,28.8,38,,,,5.5,,1002.6,
2019-08-29 00:00:00,32.8,29.8,38,,,,6.9,,1003.6,
2019-08-30 00:00:00,32,28.7,36,,,,4.6,,1001.6,
2019-08-31 00:00:00,32.2,29.4,36,,,,4.2,,999.4,
2019-09-01 00:00:00,29.9,27,33,,,,6.1,,1001.5,
2019-09-02 00:00:00,31.8,27.9,36.4,,,,4.3,,1001.5,
2019-09-03 00:00:00,32,29.3,36,,,,4.2,,1000.5,
2019-09-04 00:00:00,31.5,28.9,36,,,,3.7,,1000,
2019-09-05 00:00:00,31.2,28.7,35.6,,,,5.4,,1000.1,
2019-09-06 00:00:00,31.4,28.6,37,,,,5.1,,999.1,
2019-09-07 00:00:00,30.7,27.6,34.8,,,,5.5,,999.6,
2019-09-08 00:00:00,31,27,35.4,,,,4.2,,1001,
2019-09-09 00:00:00,32.2,28.7,36,,,,3.2,,999.7,
2019-09-10 00:00:00,32.4,28.4,36.6,,,,2.6,,999.1,
2019-09-11 00:00:00,33,29,37.4,,,,3.3,,1000.4,
2019-09-12 00:00:00,32.6,29.8,37,,,,7.5,,1002,
2019-09-13 00:00:00,31.9,28.6,36,,,,6.3,,1003.2,
2019-09-14 00:00:00,31.3,28.7,35,,,,7.5,,1004.2,
2019-09-15 00:00:00,30.7,27.3,35.2,2,,,5.7,,1004.4,
2019-09-16 00:00:00,32.3,27.1,36,0,,,3.9,,1002.9,
2019-09-17 00:00:00,31.4,28.2,36.4,,,,5.1,,1003.6,
2019-09-18 00:00:00,30.6,27,35,,,,6.7,,1007.5,
2019-09-19 00:00:00,28.8,25.8,32,,,,7.7,,1009.9,
2019-09-20 00:00:00,29.8,25.8,35,,,,4.7,,1008.4,
2019-09-21 00:00:00,28.8,24,35,,,,5.2,,1007.3,
2019-09-22 00:00:00,26.9,24.6,29,,,,6,,1009.2,
2019-09-23 00:00:00,29.1,24,32,0,,,5,,1010.2,
2019-09-24 00:00:00,28.6,24,34,,,,5.3,,1010.6,
2019-09-25 00:00:00,29,25.2,35,,,,6.6,,1011.7,
2019-09-26 00:00:00,29,26,33.6,,,,9.1,,1012.1,
2019-09-27 00:00:00,28.1,25.8,32,,,,8.1,,1011,
2019-09-28 00:00:00,27.9,24.8,32,,,,9.2,,1009.2,
2019-09-29 00:00:00,27.7,24.2,33,0.3,,,8.8,,1009.8,
2019-09-30 00:00:00,27.4,23.8,31.2,0,,,6.4,,1008.9,
2019-10-01 00:00:00,28.7,23.8,32.4,0,,,5.4,,1008.1,
2019-10-02 00:00:00,28.1,24.4,33,,,,3.4,,1009.3,
2019-10-03 00:00:00,28.1,21.4,34.4,,,,3.6,,1009.5,
2019-10-04 00:00:00,27.2,19.8,34.8,47,,,5.6,,1010.2,
2019-10-05 00:00:00,27.3,21,32,0,,,7.1,,1010.4,
2019-10-06 00:00:00,26.7,22,33,,,,4.5,,1010.9,
2019-10-07 00:00:00,26.7,22.6,32,,,,6.1,,1012.1,
2019-10-08 00:00:00,26.5,21.4,32,,,,6.3,,1011.6,
2019-10-09 00:00:00,26.6,21,33.6,,,,2.5,,1011.4,
2019-10-10 00:00:00,26.7,21.2,33.8,,,,2.2,,1010.9,
2019-10-11 00:00:00,26.5,20.8,32.6,,,,2.6,,1010.6,
2019-10-12 00:00:00,26.8,21.8,33,,,,2.3,,1011.4,
2019-10-13 00:00:00,26.6,21.8,33,,,,2.6,,1011.9,
2019-10-14 00:00:00,26.5,21,34,,,,2,,1012.7,
2019-10-15 00:00:00,27.1,21.4,34,,,,2.2,,1013.3,
2019-10-16 00:00:00,27.3,22.1,34,,,,1.9,,1013.5,
2019-10-17 00:00:00,27.1,22.2,33.4,,,,3.1,,1013.3,
2019-10-18 00:00:00,27.3,22,34.2,,,,4.5,,1013.5,
2019-10-19 00:00:00,26.5,21.6,32.4,,,,2.6,,1015,
2019-10-20 00:00:00,25.2,19.8,32,,,,3.7,,1014.7,
2019-10-21 00:00:00,23.9,18.2,32,,,,4.9,,1013.1,
2019-10-22 00:00:00,23.7,18.6,31,,,,6.8,,1010.2,
2019-10-23 00:00:00,23.9,17.4,32,,,,4,,1009.5,
2019-10-24 00:00:00,24,18.2,31.4,,,,1.4,,1010.5,
2019-10-25 00:00:00,24,19.1,30.6,,,,2.3,,1011.8,
2019-10-26 00:00:00,23.7,18.4,30.2,,,,1.4,,1013.2,
2019-10-27 00:00:00,23.8,18.5,31.4,,,,4.6,,1012.6,
2019-10-28 00:00:00,24,18.3,30,,,,3.6,,1013.3,
2019-10-29 00:00:00,23.2,19.1,29,,,,1.6,,1014.1,
2019-10-30 00:00:00,24.1,20,30.6,,,,2.5,,1012.6,
2019-10-31 00:00:00,23.7,18,32,,,,1.9,,1012,
2019-11-01 00:00:00,24,18,31.6,,,,1.6,,1011.9,
2019-11-02 00:00:00,23.7,20,29.4,,,,4.3,,1013.6,
2019-11-03 00:00:00,23.4,18.7,29.5,0.3,,,5.5,,1014.6,
2019-11-04 00:00:00,24.1,18.9,29.4,0,,,5.7,,1014.4,
2019-11-05 00:00:00,22.8,18,30.2,,,,7,,1011.7,
2019-11-06 00:00:00,22.7,16.2,32.2,,,,3.1,,1009.4,
2019-11-07 00:00:00,21.4,18.6,26.3,,,,4.1,,1010.5,
2019-11-08 00:00:00,21.6,17,30,,,,2.1,,1013.4,
2019-11-09 00:00:00,21.6,17,29.6,,,,4.8,,1014,
2019-11-10 00:00:00,20.8,15.6,28.6,,,,3.5,,1013.9,
2019-11-11 00:00:00,19.9,14.6,28.2,,,,2.4,,1012.9,
2019-11-12 00:00:00,19.6,13.6,28.3,,,,1.8,,1013.8,
2019-11-13 00:00:00,20.2,14.4,28.2,,,,0.8,,1015.8,
2019-11-14 00:00:00,20.7,16.2,27.3,,,,1.2,,1016.6,
2019-11-15 00:00:00,21.1,16.8,27.6,,,,2.3,,1015.6,
2019-11-16 00:00:00,21.5,17.1,29.2,,,,5.4,,1015.2,
2019-11-17 00:00:00,21.5,16.8,28.8,,,,8.9,,1015.2,
2019-11-18 00:00:00,20,15.8,26.1,,,,7.5,,1014.8,
2019-11-19 00:00:00,18.9,13.6,26.8,,,,3.3,,1014.3,
2019-11-20 00:00:00,18.9,13.6,28.2,,,,0.6,,1014.6,
2019-11-21 00:00:00,19.3,13.2,28.4,,,,0.6,,1016.6,
2019-11-22 00:00:00,19.8,13.4,27.4,,,,1.4,,1016.7,
2019-11-23 00:00:00,20.1,15.4,26.4,,,,4.5,,1016.1,
2019-11-24 00:00:00,20.3,16.2,26.4,,,,4.6,,1015.5,
2019-11-25 00:00:00,20.2,14.8,26.4,,,,1.7,,1016,
2019-11-26 00:00:00,21.6,16.2,27.6,0,,,2.6,,1015.9,
2019-11-27 00:00:00,20.1,15.6,26.8,,,,3.8,,1015.7,
2019-11-28 00:00:00,18.3,16.2,27.4,0,,,6.6,,1016.7,
2019-11-29 00:00:00,18.1,12.5,24.6,0,,,3.1,,1016.9,
2019-11-30 00:00:00,17,13,22.6,,,,4.4,,1017.2,
2019-12-01 00:00:00,15.6,10.8,23.2,,,,3.8,,1017.1,
2019-12-02 00:00:00,15.2,9.6,22.8,,,,4.4,,1017.8,
2019-12-03 00:00:00,15.4,10.1,24.3,,,,5,,1017.4,
2019-12-04 00:00:00,14.7,8.4,23.4,,,,1.3,,1019.3,
2019-12-05 00:00:00,14.4,8.4,22.6,,,,0.8,,1021.3,
2019-12-06 00:00:00,15.1,9.7,24,,,,1.3,,1020.7,
2019-12-07 00:00:00,15.9,10.4,24.2,,,,2.1,,1019.4,
2019-12-08 00:00:00,15.5,10.2,23.2,,,,1.2,,1019.3,
2019-12-09 00:00:00,14.8,9,23.4,,,,1.3,,1018.7,
2019-12-10 00:00:00,14.7,9.5,23,,,,2.1,,1016.1,
2019-12-11 00:00:00,14.9,9,22.6,,,,1.2,,1014.4,
2019-12-12 00:00:00,16,13.6,20.6,,,,6.2,,1013.3,
2019-12-13 00:00:00,15.2,12.8,21.5,34,,,7.1,,1013.9,
2019-12-14 00:00:00,14.7,9.7,18.7,0.5,,,2.6,,1020.1,
2019-12-15 00:00:00,14.2,9.8,19.2,0,,,4.7,,1020,
2019-12-16 00:00:00,12.3,10.2,17.2,,,,6.7,,1020.3,
2019-12-17 00:00:00,11.4,8.6,15.9,,,,6.8,,1021.5,
2019-12-18 00:00:00,11.4,7.9,18,,,,4.9,,1020.4,
2019-12-19 00:00:00,10.8,6.6,16.4,,,,1.9,,1019.1,
2019-12-20 00:00:00,12,8.4,17.4,,,,2.7,,1016.7,
2019-12-21 00:00:00,12.9,9.6,17.4,,,,3.7,,1017.4,
2019-12-22 00:00:00,11.8,8.3,17.3,,,,5.8,,1018.8,
2019-12-23 00:00:00,10.9,6.6,16.3,,,,7.6,,1018,
2019-12-24 00:00:00,10.2,6,15.6,,,,2,,1019.8,
2019-12-25 00:00:00,9.4,6.3,15,,,,5.6,,1019.2,
2019-12-26 00:00:00,8.8,5.8,13.1,,,,5.6,,1018.5,
2019-12-27 00:00:00,8.5,4.5,13.8,,,,3.1,,1019,
2019-12-28 00:00:00,7.6,3.6,13.3,,,,1.7,,1020.5,
2019-12-29 00:00:00,8,4,15.5,,,,1.8,,1020.8,
2019-12-30 00:00:00,7.3,4.4,12.7,,,,3,,1020.2,
2019-12-31 00:00:00,7.8,4.5,14.6,,,,3.6,,1021.2,
2020-01-01 00:00:00,9.8,3.2,20.2,,,,2.3,,1021.9,
2020-01-02 00:00:00,12.8,5.8,22,,,,2.6,,1021.6,
2020-01-03 00:00:00,14,8.8,22.2,,,,1.9,,1019.2,
2020-01-04 00:00:00,13.6,9,21.6,,,,3.1,,1017.9,
2020-01-05 00:00:00,13.7,8.4,20.6,,,,4.4,,1018.3,
2020-01-06 00:00:00,14.4,11.2,19,,,,3.2,,1019.2,
2020-01-07 00:00:00,15,11.6,19.1,0,,,5.3,,1017.1,
2020-01-08 00:00:00,13.2,11.9,19,6.1,,,5.6,,1014.9,
2020-01-09 00:00:00,10.4,8.4,14.6,10.9,,,7.6,,1019.6,
2020-01-10 00:00:00,10.7,5.3,17.4,0,,,7.8,,1020.5,
2020-01-11 00:00:00,11.1,6.4,19.4,,,,5.1,,1020,
2020-01-12 00:00:00,13.1,7.8,22.2,,,,3.5,,1017.2,
2020-01-13 00:00:00,14.1,9.1,19.4,,,,6.9,,1012.3,
2020-01-14 00:00:00,13.8,9.8,17.2,,,,4.8,,1015.7,
2020-01-15 00:00:00,12.9,7.8,19.8,,,,3.9,,1016.7,
2020-01-16 00:00:00,13.2,9.5,19.9,0,,,4.4,,1015.8,
2020-01-17 00:00:00,13.2,11.2,17.4,6.1,,,4.8,,1016.8,
2020-01-18 00:00:00,12.3,8.4,17.7,0,,,2.9,,1018.8,
2020-01-19 00:00:00,11.6,7.8,16.4,,,,7.5,,1019.7,
2020-01-20 00:00:00,11.6,8.2,16,,,,6.3,,1018.7,
2020-01-21 00:00:00,13.1,9.4,20,,,,2.6,,1019,
2020-01-22 00:00:00,12.8,8,18.7,,,,6.3,,1021,
2020-01-23 00:00:00,13.4,9.6,20,,,,12.6,,1019.5,
2020-01-24 00:00:00,13.6,8.8,20.6,,,,12.1,,1017.1,
2020-01-25 00:00:00,12.8,6.4,20.5,,,,3.3,,1017.2,
2020-01-26 00:00:00,13.8,7.4,22.6,,,,3.4,,1015.3,
2020-01-27 00:00:00,14.7,9.8,21.4,,,,3.5,,1012.7,
2020-01-28 00:00:00,16,10.5,23,6.1,,,7.6,,1011.1,
2020-01-29 00:00:00,14.5,10.2,22.2,7.9,,,4.8,,1016.8,
2020-01-30 00:00:00,13.6,8,20.6,0,,,6.9,,1018.4,
2020-01-31 00:00:00,12.6,8.3,19.4,,,,5.9,,1016.3,
2020-02-01 00:00:00,12.5,7,19.4,,,,3.2,,1018.7,
2020-02-02 00:00:00,12.2,7.4,19.1,,,,6,,1020.4,
2020-02-03 00:00:00,12.6,6.4,21.2,,,,4.1,,1019.3,
2020-02-04 00:00:00,13.3,6.8,21.8,,,,2.1,,1017.4,
2020-02-05 00:00:00,13.6,8,21.2,,,,6,,1017.7,
2020-02-06 00:00:00,12.9,7.2,19.6,,,,5.5,,1017.1,
2020-02-07 00:00:00,12.8,6.8,19.9,,,,3.5,,1019.5,
2020-02-08 00:00:00,13.2,7.7,20.8,,,,5,,1021.4,
2020-02-09 00:00:00,13.7,7.4,22.2,,,,3.4,,1021.9,
2020-02-10 00:00:00,13.8,7.4,21.4,,,,4.4,,1019.8,
2020-02-11 00:00:00,14,7,22.6,,,,2.5,,1019.8,
2020-02-12 00:00:00,16.3,9.7,24.2,,,,7.4,,1019.1,
2020-02-13 00:00:00,19.6,14,27.4,,,,12.8,,1015.8,
2020-02-14 00:00:00,19.4,15,25.3,,,,14.8,,1013,
2020-02-15 00:00:00,18.1,12.8,25.2,,,,12.9,,1013.3,
2020-02-16 00:00:00,17.4,10.4,26.4,,,,5.3,,1016.3,
2020-02-17 00:00:00,17.6,10.4,26.8,,,,6.9,,1017.5,
2020-02-18 00:00:00,17.8,11.8,26.7,,,,7.8,,1014.9,
2020-02-19 00:00:00,17.9,9.2,26.2,,,,6.7,,1013.4,
2020-02-20 00:00:00,20.4,14.8,27.2,,,,11.1,,1012.9,
2020-02-21 00:00:00,16.8,14.6,27.5,2,,,11.3,,1016.6,
2020-02-22 00:00:00,18.6,13,24.4,0,,,3.6,,1020.4,
2020-02-23 00:00:00,19.2,14,26.6,,,,2.7,,1018.2,
2020-02-24 00:00:00,19.5,13.6,26,,,,3.3,,1014.9,
2020-02-25 00:00:00,19.4,14.6,25.8,,,,3.8,,1013.7,
2020-02-26 00:00:00,19.8,14,27.2,,,,3.5,,1014.1,
2020-02-27 00:00:00,20.3,14.6,26.8,,,,3.6,,1014.6,
2020-02-28 00:00:00,21.1,17.1,26.3,,,,8.7,,1013.2,
2020-02-29 00:00:00,20.2,16,27.2,,,,10.8,,1012.4,
2020-03-01 00:00:00,20.7,15.6,27.6,,,,4.8,,1013.1,
2020-03-02 00:00:00,21.6,16,27.8,,,,2.3,,1012.7,
2020-03-03 00:00:00,21.3,15.4,28.6,,,,3.9,,1011.3,
2020-03-04 00:00:00,20.8,15.8,28.8,,,,5.5,,1010.6,
2020-03-05 00:00:00,19.9,14.4,29.2,0.5,,,10.3,,1010.5,
2020-03-06 00:00:00,16.3,14,27,20.1,,,12,,1010.1,
2020-03-07 00:00:00,17.3,13,22.4,20.1,,,6.1,,1014,
2020-03-08 00:00:00,18,11.1,24.4,99.1,,,4.9,,1016.1,
2020-03-09 00:00:00,18.3,12.4,25,0,,,9.9,,1013.5,
2020-03-10 00:00:00,18.9,12.2,25.6,,,,4.9,,1012.1,
2020-03-11 00:00:00,21.6,14.8,27,1,,,10.9,,1009.7,
2020-03-12 00:00:00,21.7,14.7,27.4,1,,,9.1,,1011.5,
2020-03-13 00:00:00,21.3,13.8,28,0,,,5.5,,1013.5,
2020-03-14 00:00:00,18.5,16.1,28.3,0,,,6,,1015.3,
2020-03-15 00:00:00,18.8,12,25,37.1,,,4.5,,1016.8,
2020-03-16 00:00:00,19.9,12.6,26.2,0,,,5.8,,1016.5,
2020-03-17 00:00:00,20.6,14.4,27.4,,,,6.3,,1016.2,
2020-03-18 00:00:00,22,14.8,29.2,,,,6.2,,1014.5,
2020-03-19 00:00:00,23.1,17.4,29.8,,,,4.2,,1011.3,
2020-03-20 00:00:00,23.8,17.8,31.2,,,,3.8,,1010.1,
2020-03-21 00:00:00,24,19,30,,,,4,,1010.3,
2020-03-22 00:00:00,23.9,17.4,30.5,,,,3.8,,1012.1,
2020-03-23 00:00:00,24.4,18.6,32.2,,,,3.6,,1011.7,
2020-03-24 00:00:00,24.3,19.2,32.8,,,,4.5,,1010.2,
2020-03-25 00:00:00,24.9,18.2,33,,,,4.7,,1010.7,
2020-03-26 00:00:00,24.7,21.1,30.2,,,,10.1,,1011.7,
2020-03-27 00:00:00,21.7,19.4,29.2,1,,,8,,1013.9,
2020-03-28 00:00:00,21.8,15.7,27.6,5.1,,,6.2,,1014.4,
2020-03-29 00:00:00,24.1,16.6,29.8,0,,,10.6,,1012.1,
2020-03-30 00:00:00,23.6,17.4,30,,,,9.4,,1012.2,
2020-03-31 00:00:00,24.3,17.6,32.2,,,,6.3,,1010.8,
2020-04-01 00:00:00,25.4,18.8,32.6,,,,6.1,,1010,
2020-04-02 00:00:00,25.1,20,30.6,,,,10.8,,1010.6,
2020-04-03 00:00:00,24,16.8,30.1,,,,8.8,,1011.7,
2020-04-04 00:00:00,24.3,16,32.2,,,,6.5,,1011.6,
2020-04-05 00:00:00,25.6,17.6,33.2,,,,4.7,,1011.9,
2020-04-06 00:00:00,27.6,19.6,35.6,,,,5.6,,1010.6,
2020-04-07 00:00:00,27.3,19.4,33.9,,,,7.7,,1008.7,
2020-04-08 00:00:00,26.6,21,32.8,,,,8,,1009.4,
2020-04-09 00:00:00,25.5,13.5,32.9,,,,5.7,,1010.1,
2020-04-10 00:00:00,26.9,18.4,35.2,,,,4.9,,1010.8,
2020-04-11 00:00:00,28.7,21.2,36.8,,,,4.2,,1011.6,
2020-04-12 00:00:00,29.1,21.2,36.2,,,,7.4,,1009.5,
2020-04-13 00:00:00,30.3,22,37.6,,,,6.7,,1007.4,
2020-04-14 00:00:00,31.1,24.8,39.2,,,,4.2,,1007.3,
2020-04-15 00:00:00,31.1,25.2,39.6,,,,6.7,,1007.6,
2020-04-16 00:00:00,30.6,23.2,38.8,,,,5.4,,1006,
2020-04-17 00:00:00,30.2,24,36.8,,,,8.3,,1005.6,
2020-04-18 00:00:00,29.3,21.6,36,,,,7.6,,1007.4,
2020-04-19 00:00:00,27.3,19,37.3,7.1,,,6.2,,1007.2,
2020-04-20 00:00:00,26.4,20.2,35.2,0,,,5.7,,1008.1,
2020-04-21 00:00:00,27,20.2,34.2,,,,5.2,,1008.6,
2020-04-22 00:00:00,27.9,20.2,35.4,,,,5.2,,1006.9,
2020-04-23 00:00:00,28.3,23.3,34.3,,,,5,,1006.3,
2020-04-24 00:00:00,29.1,21.6,36.6,,,,5.6,,1004.6,
2020-04-25 00:00:00,29.6,25,37.2,,,,6.4,,1004.7,
2020-04-26 00:00:00,24.4,21.4,37.9,0.5,,,9.3,,1007.4,
2020-04-27 00:00:00,27.1,18.9,33.2,20.1,,,12.1,,1010.6,
2020-04-28 00:00:00,28.9,22.1,33.8,0,,,7,,1010.8,
2020-04-29 00:00:00,29.5,23.8,35.4,,,,5.3,,1007.9,
2020-04-30 00:00:00,30.3,25.6,37.8,,,,8,,1007.2,
2020-05-01 00:00:00,31.3,25.1,38.4,,,,7.5,,1005.6,
2020-05-02 00:00:00,31,25.6,37,,,,10.4,,1004.9,
2020-05-03 00:00:00,27.2,23,37.9,11.9,,,9.1,,1006,
2020-05-04 00:00:00,28.4,20.2,35,0.5,,,6.5,,1007.8,
2020-05-05 00:00:00,30.7,22.9,37.5,0,,,5.7,,1006.8,
2020-05-06 00:00:00,29.5,24.6,35,,,,7,,1006,
2020-05-07 00:00:00,29.5,23,36.6,,,,6.5,,1006.4,
2020-05-08 00:00:00,31.3,24,39.2,,,,5.2,,1004.7,
2020-05-09 00:00:00,32.6,27.1,40.4,,,,6.4,,1004.8,
2020-05-10 00:00:00,30.4,24.2,36,,,,10.4,,1006,
2020-05-11 00:00:00,29.3,22,36.1,,,,8.4,,1007.4,
2020-05-12 00:00:00,30.4,24.9,37,,,,7.1,,1007,
2020-05-13 00:00:00,30.4,26.5,34.6,,,,6.8,,1005.7,
2020-05-14 00:00:00,30.8,24.6,39.2,,,,5.3,,1004.8,
2020-05-15 00:00:00,31.4,25,38,,,,8.9,,1004.3,
2020-05-16 00:00:00,31.9,24.6,39.4,,,,7.6,,1003.4,
2020-05-17 00:00:00,32.3,24.6,40.4,,,,5.6,,1002,
2020-05-18 00:00:00,32.5,24.2,40.4,,,,5.8,,1000.9,
2020-05-19 00:00:00,32.2,23.4,40.2,,,,3.9,,1000.4,
2020-05-20 00:00:00,31.9,23.6,39.4,,,,6.9,,999.9,
2020-05-21 00:00:00,33.4,25.8,41.4,,,,9.5,,999.1,
2020-05-22 00:00:00,34.2,24.6,43.4,,,,5.2,,998.9,
2020-05-23 00:00:00,35.5,27,44.2,,,,6.6,,1000.1,
2020-05-24 00:00:00,36.7,30,44,,,,8.1,,1000.6,
2020-05-25 00:00:00,36,28.8,43.8,,,,9.7,,1000.2,
2020-05-26 00:00:00,36.7,29.4,45.6,,,,10.7,,998.4,
2020-05-27 00:00:00,37.2,30.6,45.2,,,,8.8,,997,
2020-05-28 00:00:00,34.1,23.8,39.6,,,,14.1,,998.6,
2020-05-29 00:00:00,28.4,22.6,40.3,0,,,14.8,,1002.2,
2020-05-30 00:00:00,29.2,22.2,37,4.1,,,8.8,,1004.4,
2020-05-31 00:00:00,25.8,20,34.8,8.9,,,7.7,,1006.5,
2020-06-01 00:00:00,29.4,21,35,3,,,4.4,,1006.7,
2020-06-02 00:00:00,30.9,24.8,36.4,0,,,6.5,,1004.8,
2020-06-03 00:00:00,30.8,25.8,36,,,,4.9,,1003,
2020-06-04 00:00:00,29.5,25.6,34.6,,,,5.4,,1002.2,
2020-06-05 00:00:00,29.1,25,36.1,0,,,5.8,,1002.2,
2020-06-06 00:00:00,30.9,24,36.4,1,,,6.1,,1001.4,
2020-06-07 00:00:00,29.3,23.2,36.8,1,,,5.3,,1001.4,
2020-06-08 00:00:00,31.8,25.2,37.4,6.1,,,6,,1000.6,
2020-06-09 00:00:00,34.3,26.9,39.7,0,,,4.9,,1000.2,
2020-06-10 00:00:00,34.1,29.6,40,,,,5.2,,999.5,
2020-06-11 00:00:00,34.1,28.4,40.2,,,,4.7,,998.6,
2020-06-12 00:00:00,35.1,30.5,40.4,,,,5.2,,997.3,
2020-06-13 00:00:00,33.9,30.1,39.4,,,,6.5,,997.9,
2020-06-14 00:00:00,35,28,40,0,,,6.5,,999.3,
2020-06-15 00:00:00,35.2,29.8,41.2,,,,8.2,,997.5,
2020-06-16 00:00:00,35.5,31.1,41.8,,,,8.4,,995.1,
2020-06-17 00:00:00,35.5,30.8,40.4,,,,9.1,,994.9,
2020-06-18 00:00:00,36,29.8,42.2,,,,8.4,,995.5,
2020-06-19 00:00:00,35.7,31.2,41,,,,9.4,,997.4,
2020-06-20 00:00:00,31.1,22.4,41.2,5.1,,,10,,999.7,
2020-06-21 00:00:00,31.9,24.6,38.1,2,,,5.8,,999.4,
2020-06-22 00:00:00,32,23.2,37,43.9,,,6.7,,999.1,
2020-06-23 00:00:00,33.4,27.8,37,0,,,8.9,,1001.2,
2020-06-24 00:00:00,31,28,34,,,,9,,1002.6,
2020-06-25 00:00:00,31.4,28,36.4,,,,4.9,,1000,
2020-06-26 00:00:00,32.2,28.6,37,,,,6.7,,998.8,
2020-06-27 00:00:00,34.8,28.2,40,0,,,11.8,,997.7,
2020-06-28 00:00:00,35.6,30.4,40,,,,10.5,,996.9,
2020-06-29 00:00:00,35.2,28.4,41,,,,9,,998.3,
2020-06-30 00:00:00,32.5,27.2,37,,,,8.2,,1000.4,
2020-07-01 00:00:00,33.6,30,38,,,,5.2,,999.1,
2020-07-02 00:00:00,35.3,31.2,40,,,,6,,996.7,
2020-07-03 00:00:00,35.1,31.3,41,,,,7.7,,996.1,
2020-07-04 00:00:00,34.9,29.4,41.6,0,,,10.5,,996.7,
2020-07-05 00:00:00,28.4,22.2,39.8,35.1,,,8.2,,997.4,
2020-07-06 00:00:00,31.7,26.2,35,0,,,8.1,,996.9,
2020-07-07 00:00:00,30.9,26.4,36.2,0.5,,,11.6,,999.8,
2020-07-08 00:00:00,31.6,26.9,36,0,,,8.9,,1001.2,
2020-07-09 00:00:00,32.2,27.8,38,,,,6.2,,997.8,
2020-07-10 00:00:00,33.6,28,38.2,,,,9.3,,995.5,
2020-07-11 00:00:00,31.8,23.9,38.3,7.9,,,7.9,,996.7,
2020-07-12 00:00:00,30.6,27.2,35,0,,,7.2,,998.3,
2020-07-13 00:00:00,32.3,27.2,36.8,,,,7.3,,997.9,
2020-07-14 00:00:00,33.6,28.8,37.8,,,,6.6,,998.2,
2020-07-15 00:00:00,33,30,36.8,,,,7.8,,999.2,
2020-07-16 00:00:00,32.2,29,37.4,,,,7.2,,998.5,
2020-07-17 00:00:00,31.9,28.4,37.8,0,,,7.2,,998.9,
2020-07-18 00:00:00,32.3,29.3,37.3,4.1,,,5.2,,1000,
2020-07-19 00:00:00,29.6,23.4,36.4,70.1,,,7.1,,998.8,
2020-07-20 00:00:00,28.8,26.4,35.2,2,,,7.4,,997,
2020-07-21 00:00:00,26.3,23.5,32.6,2,,,5.6,,999.7,
2020-07-22 00:00:00,26.2,24,33.2,30,,,6.9,,1001.4,
2020-07-23 00:00:00,30,23.7,34.4,68.1,,,6.6,,1000.4,
2020-07-24 00:00:00,31.2,26.8,35,0,,,6.8,,1003.1,
2020-07-25 00:00:00,31.7,25.9,35.4,1,,,5.5,,1004.9,
2020-07-26 00:00:00,32.7,26.8,36,0,,,5,,1004.6,
2020-07-27 00:00:00,34.1,28.2,37,0.5,,,8.2,,1001.7,
2020-07-28 00:00:00,34.4,28.7,37.6,0,,,8.3,,999.8,
2020-07-29 00:00:00,30.6,26,36.4,,,,5.6,,1000.3,
2020-07-30 00:00:00,29.3,27,31.4,,,,6.7,,1002.3,
2020-07-31 00:00:00,31.5,27.3,34,0.8,,,5.4,,1001.4,
2020-08-01 00:00:00,30.7,26.8,36.2,0,,,5.1,,1000.6,
2020-08-02 00:00:00,32.9,26.2,36.8,7.1,,,6.9,,998.7,
2020-08-03 00:00:00,33.5,28.4,37,0,,,9.4,,994.7,
2020-08-04 00:00:00,33,30.1,36.1,,,,5.1,,992.9,
2020-08-05 00:00:00,32,29.2,35.8,,,,5.2,,993.8,
2020-08-06 00:00:00,32.5,28.8,37.2,,,,13.7,,996.7,
2020-08-07 00:00:00,32.1,28.6,36,,,,10.9,,999.8,
2020-08-08 00:00:00,33.1,29.3,37.4,,,,4.2,,998.1,
2020-08-09 00:00:00,31.3,26.2,37.6,1,,,5,,997.7,
2020-08-10 00:00:00,31.6,27.4,35,1,,,5.5,,998.7,
2020-08-11 00:00:00,31.8,27.8,36.6,0.5,,,5.9,,998.5,
2020-08-12 00:00:00,32,27.4,36.8,8.9,,,7.7,,997.5,
2020-08-13 00:00:00,26.8,25,30.3,68.1,,,6,,997.3,
2020-08-14 00:00:00,29.7,25.4,32,16,,,6.9,,996.6,
2020-08-15 00:00:00,31.7,26.4,35,0,,,6.1,,996.5,
2020-08-16 00:00:00,32,26.8,36,1,,,7.4,,997.4,
2020-08-17 00:00:00,30.4,28.2,36.5,0,,,6.8,,997.6,
2020-08-18 00:00:00,31,27.1,35.7,23.9,,,5.5,,998.3,
2020-08-19 00:00:00,26.6,25,35,7.9,,,4.4,,998.7,
2020-08-20 00:00:00,26.2,24.1,29,55.1,,,5.4,,1001,
2020-08-21 00:00:00,30.7,24.2,35,7.9,,,7.7,,1002.4,
2020-08-22 00:00:00,31.2,25.2,35,1,,,11,,1001.6,
2020-08-23 00:00:00,30.4,26.4,35.6,0,,,10.6,,1000.2,
2020-08-24 00:00:00,29.9,26.2,34.2,2,,,8.6,,1000.6,
2020-08-25 00:00:00,30,25.8,33,0,,,6.7,,1002.5,
2020-08-26 00:00:00,31.3,26.5,34,0,,,7,,1003.8,
2020-08-27 00:00:00,31,27.6,35,,,,6.5,,1003.2,
2020-08-28 00:00:00,28.6,26,33,,,,3.1,,1001.7,
2020-08-29 00:00:00,30,26.2,35,,,,3.4,,1001,
2020-08-30 00:00:00,29,27.2,31,,,,11.3,,1000.8,
2020-08-31 00:00:00,29.4,25.5,33,0.5,,,10.6,,1003,
2020-09-01 00:00:00,30.9,24.8,35,0,,,8.1,,1004.5,
2020-09-02 00:00:00,30.5,26.8,34.4,,,,3.2,,1006.2,
2020-09-03 00:00:00,31,28.7,34.6,,,,6.7,,1006.8,
2020-09-04 00:00:00,31.3,26.3,35,0,,,5.2,,1006,
2020-09-05 00:00:00,30.8,23.8,37,0.8,,,4.8,,1004.2,
2020-09-06 00:00:00,30.6,23,36.8,19.1,,,4.2,,1003.2,
2020-09-07 00:00:00,29.7,25.8,35.5,0,,,2.9,,1003.7,
2020-09-08 00:00:00,31.3,25.1,35.2,1,,,4.1,,1004.2,
2020-09-09 00:00:00,31.5,26.1,35.5,0,,,4.6,,1003.6,
2020-09-10 00:00:00,31.5,27.4,36,,,,6,,1001.4,
2020-09-11 00:00:00,31.7,27.2,37.4,,,,4.7,,1001.5,
2020-09-12 00:00:00,31.8,26.8,37,,,,1.4,,1004.4,
2020-09-13 00:00:00,32,28.2,36.2,,,,1.5,,1004.5,
2020-09-14 00:00:00,32,28.8,37,,,,1.8,,1003.3,
2020-09-15 00:00:00,31.9,27.4,37.2,,,,3,,1003,
2020-09-16 00:00:00,32.4,28.4,38,,,,6.1,,1002.6,
2020-09-17 00:00:00,32.6,28,37,,,,7.3,,1002.1,
2020-09-18 00:00:00,33.2,29.2,38,,,,6.4,,1001.3,
2020-09-19 00:00:00,32.5,29,37,,,,3.4,,1001.3,
2020-09-20 00:00:00,31.9,28,37,,,,3.4,,1001.1,
2020-09-21 00:00:00,32.1,28,37,,,,3.5,,1000,
2020-09-22 00:00:00,32.2,28.8,37,,,,4.9,,1000.2,
2020-09-23 00:00:00,31.8,28.5,36.2,,,,5.8,,1000.6,
2020-09-24 00:00:00,30.8,27.4,35.4,,,,4.4,,1002.4,
2020-09-25 00:00:00,31.1,27,37.2,,,,4.9,,1002.1,
2020-09-26 00:00:00,29.5,25.8,34,,,,6,,1002.4,
2020-09-27 00:00:00,29.9,24.8,36,,,,5.1,,1004.9,
2020-09-28 00:00:00,30,24.4,36,,,,4.7,,1006.1,
2020-09-29 00:00:00,29.4,24,36.2,,,,6.6,,1006,
2020-09-30 00:00:00,28.9,23.8,35.2,,,,6.3,,1004.9,
2020-10-01 00:00:00,29.1,23.1,37,,,,6.6,,1004.3,
2020-10-02 00:00:00,28.6,22.2,36,,,,4.2,,1004.8,
2020-10-03 00:00:00,28.3,21.8,36,,,,3.3,,1005.9,
2020-10-04 00:00:00,27,20.3,35,,,,4.3,,1006.9,
2020-10-05 00:00:00,27.2,20.8,35,,,,5.3,,1006.5,
2020-10-06 00:00:00,27.3,19.8,36.2,,,,5.3,,1007,
2020-10-07 00:00:00,27.4,20.2,36,,,,3.4,,1008.6,
2020-10-08 00:00:00,27.3,20.6,36,,,,2.9,,1009.2,
2020-10-09 00:00:00,27.2,20.6,35,,,,1,,1009.4,
2020-10-10 00:00:00,27.4,20.8,35,,,,4.7,,1008.2,
2020-10-11 00:00:00,27.2,21.6,35.4,,,,6,,1006.2,
2020-10-12 00:00:00,26.9,21,35,,,,1.3,,1004.6,
2020-10-13 00:00:00,27.6,21.4,35,,,,1,,1005.6,
2020-10-14 00:00:00,28.4,24.1,34.2,,,,0.8,,1006.9,
2020-10-15 00:00:00,27.2,21.2,34.6,,,,1.2,,1007.6,
2020-10-16 00:00:00,25.7,18,34,,,,1.6,,1007.7,
2020-10-17 00:00:00,25.1,18.6,35,,,,1.7,,1008.4,
2020-10-18 00:00:00,25.5,18.2,34.6,,,,3.5,,1008.1,
2020-10-19 00:00:00,24.8,17,33.5,,,,3.1,,1008,
2020-10-20 00:00:00,24,15.8,34,,,,2.2,,1007.8,
2020-10-21 00:00:00,24.5,16.6,35,,,,1.6,,1008.8,
2020-10-22 00:00:00,24.4,19,33,,,,0.8,,1007.6,
2020-10-23 00:00:00,25.2,14.4,33.6,0,,,1.4,,1007.3,
2020-10-24 00:00:00,23.2,16.2,33,,,,3,,1008.3,
2020-10-25 00:00:00,23.1,15.6,33.2,,,,0.5,,1010.6,
2020-10-26 00:00:00,23.2,16.6,33,,,,1.4,,1012,
2020-10-27 00:00:00,22.4,16,31.4,,,,3.6,,1012.1,
2020-10-28 00:00:00,21.6,14,31,,,,1.5,,1012.7,
2020-10-29 00:00:00,21.3,14.4,31.2,,,,0.8,,1013.5,
2020-10-30 00:00:00,21.4,15,31.2,,,,2.6,,1013.4,
2020-10-31 00:00:00,21.6,15,31,,,,5.2,,1013.2,
2020-11-01 00:00:00,20.8,12,30.2,,,,6.1,,1014,
2020-11-02 00:00:00,19.9,12.8,30,,,,5,,1014.6,
2020-11-03 00:00:00,19.7,12,30.2,,,,2.2,,1014.2,
2020-11-04 00:00:00,19.2,12.4,28,,,,2.6,,1012.9,
2020-11-05 00:00:00,20.1,13.1,30.6,,,,2.5,,1013.8,
2020-11-06 00:00:00,20.3,13.4,30.8,,,,2.3,,1016.6,
2020-11-07 00:00:00,19.6,12.8,28.6,,,,2.2,,1017.7,
2020-11-08 00:00:00,18.8,12.5,28.6,,,,0.7,,1018.3,
2020-11-09 00:00:00,18.7,12.2,28.2,,,,1.4,,1016.8,
2020-11-10 00:00:00,19.2,12.6,29.2,,,,1,,1015.5,
2020-11-11 00:00:00,19.6,13.2,29.2,,,,1.8,,1017.1,
2020-11-12 00:00:00,19.6,13,28.4,,,,0.4,,1018.6,
2020-11-13 00:00:00,20,13.6,29.6,,,,1.4,,1017.3,
2020-11-14 00:00:00,19.2,12.4,28,,,,1,,1015.2,
2020-11-15 00:00:00,19.8,13,29,,,,5.5,,1014.5,
2020-11-16 00:00:00,20.3,17.3,25.2,,,,5.9,,1016.1,
2020-11-17 00:00:00,19.4,14.8,25.8,,,,3.2,,1014.8,
2020-11-18 00:00:00,17.9,12.8,25,,,,1.5,,1013.6,
2020-11-19 00:00:00,17.1,11.4,25.4,,,,1.7,,1014.2,
2020-11-20 00:00:00,16.4,9.8,25.2,,,,4.2,,1015.5,
2020-11-21 00:00:00,16.1,10.6,24.4,,,,5.7,,1016,
2020-11-22 00:00:00,15.1,9.2,24,,,,4.2,,1016.8,
2020-11-23 00:00:00,15.5,8.4,25.4,,,,0.6,,1017,
2020-11-24 00:00:00,15.7,9,24.4,,,,1.3,,1016.7,
2020-11-25 00:00:00,16.6,10.2,22.4,,,,2.5,,1016.7,
2020-11-26 00:00:00,18.2,14.6,25,,,,4.1,,1018.7,
2020-11-27 00:00:00,18,12.4,26.8,,,,6.2,,1020.6,
2020-11-28 00:00:00,16.8,11.4,26.2,,,,5.3,,1019.7,
2020-11-29 00:00:00,15.9,9.2,25.8,,,,1.8,,1018.4,
2020-11-30 00:00:00,16,9.2,25.6,,,,2.5,,1017.3,
2020-12-01 00:00:00,16.4,9.4,26.8,,,,1.2,,1017.4,
2020-12-02 00:00:00,16.8,10.2,26.6,,,,3.2,,1015.6,
2020-12-03 00:00:00,16.9,10.2,27,,,,1.8,,1014.3,
2020-12-04 00:00:00,17.3,10.2,27.6,,,,1.7,,1013.1,
2020-12-05 00:00:00,18,12,27,,,,3,,1013,
2020-12-06 00:00:00,18.3,12.8,28,,,,1.8,,1015.2,
2020-12-07 00:00:00,18.1,13.2,26.2,,,,3.1,,1016.9,
2020-12-08 00:00:00,18,11.4,27.2,,,,0.9,,1017,
2020-12-09 00:00:00,18.2,11.4,28.6,,,,1.1,,1015.2,
2020-12-10 00:00:00,18.5,12.2,27.6,,,,1.7,,1014.8,
2020-12-11 00:00:00,18.2,12.4,25.4,,,,1.8,,1014.7,
2020-12-12 00:00:00,17.6,13.2,21.8,,,,2.6,,1015,
2020-12-13 00:00:00,14.9,10.8,20.2,,,,5.7,,1015.7,
2020-12-14 00:00:00,12.5,8.6,18.6,,,,3.3,,1017,
2020-12-15 00:00:00,11.2,5.6,18.4,,,,11.6,,1019.3,
2020-12-16 00:00:00,11.6,7.4,18.2,,,,6.7,,1021.4,
2020-12-17 00:00:00,9.9,5.4,16.1,,,,8.5,,1020.8,
2020-12-18 00:00:00,10.9,6,19.6,,,,13.4,,1018.9,
2020-12-19 00:00:00,12.1,5.7,22,,,,7.4,,1019.4,
2020-12-20 00:00:00,12.6,5.2,21.4,,,,5.1,,1019.8,
2020-12-21 00:00:00,13.6,7.2,23.2,,,,3.1,,1017.9,
2020-12-22 00:00:00,13.4,7.2,23.8,,,,2,,1016.6,
2020-12-23 00:00:00,12.8,5.6,22.8,,,,1.3,,1015.7,
2020-12-24 00:00:00,13,6.2,23,,,,2.3,,1016,
2020-12-25 00:00:00,12.8,6.6,21.8,,,,3.8,,1017.2,
2020-12-26 00:00:00,12.6,7,21.8,,,,4,,1016.6,
2020-12-27 00:00:00,13.5,6.9,21.4,,,,4.3,,1014.3,
2020-12-28 00:00:00,13.1,7.2,19.4,,,,4,,1016.6,
2020-12-29 00:00:00,10.6,5.4,17.8,,,,6.4,,1018.3,
2020-12-30 00:00:00,9.8,6,15.8,,,,5.6,,1019.6,
2020-12-31 00:00:00,9.8,5.4,17,,,,4.6,,1019.2,
